,mills,OPEX,CAPEX,logistic,profit,additional costs,et,etmk,etsaf,etpc,etref,eta,etr,j1,j2,sug,el,SAF,SAF ref,SAF air,g,d,objective,sc cost,individual profit,capacity
0,Abengoa - São João Bv,503908760.15569973,0.0,5056719.678813382,129781391409.2392,94439192310.42108,108338.4,0.0,0.0,0.0,0.0,0.0,108338.4,2171776.1157228565,30223.884277143516,267128.4622339113,159600.0,0.0,0.0,0.0,0.0,0.0,129781391409.2392,233792696082.94812,576295677.4037921,3000000
1,Abengoa - São Luiz,503908760.15569973,0.0,5579737.705791945,129781391409.2392,94439192310.42108,108338.4,0.0,0.0,0.0,0.0,0.0,108338.4,2171776.1157228565,30223.884277143516,267128.4622339113,159600.0,0.0,0.0,0.0,0.0,0.0,129781391409.2392,233792696082.94812,575772659.3768137,3000000
2,Adecoagro,839847933.592833,0.0,0.0,129781391409.2392,94439192310.42108,180564.0,180564.0,0.0,0.0,0.0,0.0,0.0,3619626.8595380946,50373.140461905394,445214.1037231856,266000.0,0.0,0.0,0.0,0.0,0.0,129781391409.2392,233792696082.94812,968920661.8043427,5000000
3,Agrisa,162699436.0,0.0,3300113.76853908,129781391409.2392,94439192310.42108,90282.0,0.0,0.0,0.0,0.0,0.0,90282.0,0.0,734000.0,0.0,53200.0,0.0,0.0,0.0,0.0,0.0,129781391409.2392,233792696082.94812,57522914.391460925,1000000
4,Agrocan,162699436.0,0.0,0.0,129781391409.2392,94439192310.42108,90282.0,90282.0,0.0,0.0,0.0,0.0,0.0,0.0,734000.0,0.0,53200.0,0.0,0.0,0.0,0.0,0.0,129781391409.2392,233792696082.94812,60823028.16,1000000
5,Agropaulo - Un. Jaguaruana,162699436.0,0.0,3890847.2536102505,129781391409.2392,94439192310.42108,90282.0,0.0,0.0,0.0,0.0,0.0,90282.0,0.0,734000.0,0.0,53200.0,0.0,0.0,0.0,0.0,0.0,129781391409.2392,233792696082.94812,56932180.90638974,1000000
6,Agropeu,335939173.4371332,0.0,2694770.956065631,129781391409.2392,94439192310.42108,72225.6,0.0,0.0,0.0,0.0,0.0,72225.6,1447850.743815238,20149.25618476211,178085.64148927425,106400.0,0.0,0.0,0.0,0.0,0.0,129781391409.2392,233792696082.94812,384873493.7656716,2000000
7,Agrosserra,162699436.0,0.0,0.0,129781391409.2392,94439192310.42108,90282.0,90282.0,0.0,0.0,0.0,0.0,0.0,0.0,734000.0,0.0,53200.0,0.0,0.0,0.0,0.0,0.0,129781391409.2392,233792696082.94812,60823028.16,1000000
8,Água Bonita,335939173.4371332,0.0,0.0,129781391409.2392,94439192310.42108,72225.6,72225.6,0.0,0.0,0.0,0.0,0.0,1447850.743815238,20149.25618476211,178085.64148927425,106400.0,0.0,0.0,0.0,0.0,0.0,129781391409.2392,233792696082.94812,387568264.72173727,2000000
9,Alcoeste,167969586.7185666,0.0,0.0,129781391409.2392,94439192310.42108,36112.8,36112.8,0.0,0.0,0.0,0.0,0.0,723925.371907619,10074.628092381055,89042.82074463711,53200.0,0.0,0.0,0.0,0.0,0.0,129781391409.2392,233792696082.94812,193784132.3608685,1000000
10,Alcon,167969586.7185666,0.0,0.0,129781391409.2392,94439192310.42108,36112.8,36112.8,0.0,0.0,0.0,0.0,0.0,723925.371907619,10074.628092381055,89042.82074463711,53200.0,0.0,0.0,0.0,0.0,0.0,129781391409.2392,233792696082.94812,193784132.3608685,1000000
11,Alcoolquímica,335939173.4371332,0.0,0.0,129781391409.2392,94439192310.42108,72225.6,72225.6,0.0,0.0,0.0,0.0,0.0,1447850.743815238,20149.25618476211,178085.64148927425,106400.0,0.0,0.0,0.0,0.0,0.0,129781391409.2392,233792696082.94812,387568264.72173727,2000000
12,Alcoolvale,335939173.4371332,0.0,0.0,129781391409.2392,94439192310.42108,72225.6,72225.6,0.0,0.0,0.0,0.0,0.0,1447850.743815238,20149.25618476211,178085.64148927425,106400.0,0.0,0.0,0.0,0.0,0.0,129781391409.2392,233792696082.94812,387568264.72173727,2000000
13,Alta Floresta (Alto Alegre),335939173.4371332,0.0,0.0,129781391409.2392,94439192310.42108,72225.6,72225.6,0.0,0.0,0.0,0.0,0.0,1447850.743815238,20149.25618476211,178085.64148927425,106400.0,0.0,0.0,0.0,0.0,0.0,129781391409.2392,233792696082.94812,387568264.72173727,2000000
14,Alta Mogiana,923832726.9521163,0.0,0.0,129781391409.2392,94439192310.42108,198620.4,198620.4,0.0,0.0,0.0,0.0,0.0,3981589.545491904,55410.45450809598,489735.5140955042,292600.0,0.0,0.0,0.0,0.0,0.0,129781391409.2392,233792696082.94812,1065812727.9847772,5500000
15,Alta Paulista (Usalpa),335939173.4371332,0.0,0.0,129781391409.2392,94439192310.42108,72225.6,72225.6,0.0,0.0,0.0,0.0,0.0,1447850.743815238,20149.25618476211,178085.64148927425,106400.0,0.0,0.0,0.0,0.0,0.0,129781391409.2392,233792696082.94812,387568264.72173727,2000000
16,Alta Paulista II,325398872.0,0.0,0.0,129781391409.2392,94439192310.42108,180564.0,180564.0,0.0,0.0,0.0,0.0,0.0,0.0,1468000.0,0.0,106400.0,0.0,0.0,0.0,0.0,0.0,129781391409.2392,233792696082.94812,121646056.32,2000000
17,Alto Alegre - Florestópolis,503908760.15569973,0.0,0.0,129781391409.2392,94439192310.42108,108338.4,108338.4,0.0,0.0,0.0,0.0,0.0,2171776.1157228565,30223.884277143516,267128.4622339113,159600.0,0.0,0.0,0.0,0.0,0.0,129781391409.2392,233792696082.94812,581352397.0826056,3000000
18,Alto Alegre - Unidade Junqueira,671878346.8742664,0.0,0.0,129781391409.2392,94439192310.42108,144451.2,144451.2,0.0,0.0,0.0,0.0,0.0,2895701.487630476,40298.51236952422,356171.2829785485,212800.0,0.0,0.0,0.0,0.0,0.0,129781391409.2392,233792696082.94812,775136529.4434745,4000000
19,Alto Alegre - Unidade Santo Inácio,671878346.8742664,0.0,0.0,129781391409.2392,94439192310.42108,144451.2,144451.2,0.0,0.0,0.0,0.0,0.0,2895701.487630476,40298.51236952422,356171.2829785485,212800.0,0.0,0.0,0.0,0.0,0.0,129781391409.2392,233792696082.94812,775136529.4434745,4000000
20,Alto Taquari,650797744.0,0.0,0.0,129781391409.2392,94439192310.42108,361128.0,361128.0,0.0,0.0,0.0,0.0,0.0,0.0,2936000.0,0.0,212800.0,0.0,0.0,0.0,0.0,0.0,129781391409.2392,233792696082.94812,243292112.64,4000000
21,Alvorada,335939173.4371332,0.0,0.0,129781391409.2392,94439192310.42108,72225.6,72225.6,0.0,0.0,0.0,0.0,0.0,1447850.743815238,20149.25618476211,178085.64148927425,106400.0,0.0,0.0,0.0,0.0,0.0,129781391409.2392,233792696082.94812,387568264.72173727,2000000
22,Americana,162699436.0,0.0,0.0,129781391409.2392,94439192310.42108,90282.0,90282.0,0.0,0.0,0.0,0.0,0.0,0.0,734000.0,0.0,53200.0,0.0,0.0,0.0,0.0,0.0,129781391409.2392,233792696082.94812,60823028.16,1000000
23,Andrade,503908760.15569973,0.0,0.0,129781391409.2392,94439192310.42108,108338.4,108338.4,0.0,0.0,0.0,0.0,0.0,2171776.1157228565,30223.884277143516,267128.4622339113,159600.0,0.0,0.0,0.0,0.0,0.0,129781391409.2392,233792696082.94812,581352397.0826056,3000000
24,Angélica,671878346.8742664,0.0,0.0,129781391409.2392,94439192310.42108,144451.2,144451.2,0.0,0.0,0.0,0.0,0.0,2895701.487630476,40298.51236952422,356171.2829785485,212800.0,0.0,0.0,0.0,0.0,0.0,129781391409.2392,233792696082.94812,775136529.4434745,4000000
25,Anicuns,488098308.0,0.0,0.0,129781391409.2392,94439192310.42108,270846.0,270846.0,0.0,0.0,0.0,0.0,0.0,0.0,2202000.0,0.0,159600.0,0.0,0.0,0.0,0.0,0.0,129781391409.2392,233792696082.94812,182469084.48000002,3000000
26,Aroeira,167969586.7185666,0.0,0.0,129781391409.2392,94439192310.42108,36112.8,36112.8,0.0,0.0,0.0,0.0,0.0,723925.371907619,10074.628092381055,89042.82074463711,53200.0,0.0,0.0,0.0,0.0,0.0,129781391409.2392,233792696082.94812,193784132.3608685,1000000
27,Atena Tecnologias - Fazendo Bartira,167969586.7185666,0.0,0.0,129781391409.2392,94439192310.42108,36112.8,36112.8,0.0,0.0,0.0,0.0,0.0,723925.371907619,10074.628092381055,89042.82074463711,53200.0,0.0,0.0,0.0,0.0,0.0,129781391409.2392,233792696082.94812,193784132.3608685,1000000
28,Avaré,335939173.4371332,0.0,0.0,129781391409.2392,94439192310.42108,72225.6,72225.6,0.0,0.0,0.0,0.0,0.0,1447850.743815238,20149.25618476211,178085.64148927425,106400.0,0.0,0.0,0.0,0.0,0.0,129781391409.2392,233792696082.94812,387568264.72173727,2000000
29,Bahia Etanol,162699436.0,0.0,0.0,129781391409.2392,94439192310.42108,90282.0,90282.0,0.0,0.0,0.0,0.0,0.0,0.0,734000.0,0.0,53200.0,0.0,0.0,0.0,0.0,0.0,129781391409.2392,233792696082.94812,60823028.16,1000000
30,Baldin Bioenergia,335939173.4371332,0.0,3738638.0396902338,129781391409.2392,94439192310.42108,72225.6,0.0,0.0,0.0,0.0,0.0,72225.6,1447850.743815238,20149.25618476211,178085.64148927425,106400.0,0.0,0.0,0.0,0.0,0.0,129781391409.2392,233792696082.94812,383829626.682047,2000000
31,Bambuí,325398872.0,0.0,9084927.458777959,129781391409.2392,94439192310.42108,180564.0,0.0,0.0,0.0,0.0,0.0,180564.0,0.0,1468000.0,0.0,106400.0,0.0,0.0,0.0,0.0,0.0,129781391409.2392,233792696082.94812,112561128.86122203,2000000
32,Bandeirantes,503908760.15569973,0.0,0.0,129781391409.2392,94439192310.42108,108338.4,108338.4,0.0,0.0,0.0,0.0,0.0,2171776.1157228565,30223.884277143516,267128.4622339113,159600.0,0.0,0.0,0.0,0.0,0.0,129781391409.2392,233792696082.94812,581352397.0826056,3000000
33,Barra Grande,839847933.592833,0.0,0.0,129781391409.2392,94439192310.42108,180564.0,180564.0,0.0,0.0,0.0,0.0,0.0,3619626.8595380946,50373.140461905394,445214.1037231856,266000.0,0.0,0.0,0.0,0.0,0.0,129781391409.2392,233792696082.94812,968920661.8043427,5000000
34,Barralcool,503908760.15569973,0.0,0.0,129781391409.2392,94439192310.42108,108338.4,108338.4,0.0,0.0,0.0,0.0,0.0,2171776.1157228565,30223.884277143516,267128.4622339113,159600.0,0.0,0.0,0.0,0.0,0.0,129781391409.2392,233792696082.94812,581352397.0826056,3000000
35,Batatais,671878346.8742664,0.0,0.0,129781391409.2392,94439192310.42108,144451.2,144451.2,0.0,0.0,0.0,0.0,0.0,2895701.487630476,40298.51236952422,356171.2829785485,212800.0,0.0,0.0,0.0,0.0,0.0,129781391409.2392,233792696082.94812,775136529.4434745,4000000
36,Batatais - Unidade Lins,503908760.15569973,0.0,0.0,129781391409.2392,94439192310.42108,108338.4,108338.4,0.0,0.0,0.0,0.0,0.0,2171776.1157228565,30223.884277143516,267128.4622339113,159600.0,0.0,0.0,0.0,0.0,0.0,129781391409.2392,233792696082.94812,581352397.0826056,3000000
37,Bazan,671878346.8742664,0.0,0.0,129781391409.2392,94439192310.42108,144451.2,144451.2,0.0,0.0,0.0,0.0,0.0,2895701.487630476,40298.51236952422,356171.2829785485,212800.0,0.0,0.0,0.0,0.0,0.0,129781391409.2392,233792696082.94812,775136529.4434745,4000000
38,Bela Vista,671878346.8742664,0.0,0.0,129781391409.2392,94439192310.42108,144451.2,144451.2,0.0,0.0,0.0,0.0,0.0,2895701.487630476,40298.51236952422,356171.2829785485,212800.0,0.0,0.0,0.0,0.0,0.0,129781391409.2392,233792696082.94812,775136529.4434745,4000000
39,Bevap,503908760.15569973,0.0,0.0,129781391409.2392,94439192310.42108,108338.4,108338.4,0.0,0.0,0.0,0.0,0.0,2171776.1157228565,30223.884277143516,267128.4622339113,159600.0,0.0,0.0,0.0,0.0,0.0,129781391409.2392,233792696082.94812,581352397.0826056,3000000
40,Bioenergia,325398872.0,0.0,0.0,129781391409.2392,94439192310.42108,180564.0,180564.0,0.0,0.0,0.0,0.0,0.0,0.0,1468000.0,0.0,106400.0,0.0,0.0,0.0,0.0,0.0,129781391409.2392,233792696082.94812,121646056.32,2000000
41,Bioflex Agroindustrial,162699436.0,0.0,0.0,129781391409.2392,94439192310.42108,90282.0,90282.0,0.0,0.0,0.0,0.0,0.0,0.0,734000.0,0.0,53200.0,0.0,0.0,0.0,0.0,0.0,129781391409.2392,233792696082.94812,60823028.16,1000000
42,Biopav(Revati),650797744.0,0.0,0.0,129781391409.2392,94439192310.42108,361128.0,361128.0,0.0,0.0,0.0,0.0,0.0,0.0,2936000.0,0.0,212800.0,0.0,0.0,0.0,0.0,0.0,129781391409.2392,233792696082.94812,243292112.64,4000000
43,BIOSEV - Unidade Ares,335939173.4371332,0.0,3355122.8308032285,129781391409.2392,94439192310.42108,72225.6,0.0,0.0,0.0,0.0,0.0,72225.6,1447850.743815238,20149.25618476211,178085.64148927425,106400.0,0.0,0.0,0.0,0.0,0.0,129781391409.2392,233792696082.94812,384213141.89093405,2000000
44,BIOSEV - UNIDADE COLOMBIA,503908760.15569973,0.0,0.0,129781391409.2392,94439192310.42108,108338.4,108338.4,0.0,0.0,0.0,0.0,0.0,2171776.1157228565,30223.884277143516,267128.4622339113,159600.0,0.0,0.0,0.0,0.0,0.0,129781391409.2392,233792696082.94812,581352397.0826056,3000000
45,Biosev - Unidade Lagoa da Prata,503908760.15569973,0.0,4584601.284530611,129781391409.2392,94439192310.42108,108338.4,0.0,0.0,0.0,0.0,0.0,108338.4,2171776.1157228565,30223.884277143516,267128.4622339113,159600.0,0.0,0.0,0.0,0.0,0.0,129781391409.2392,233792696082.94812,576767795.798075,3000000
46,BIOSEV - Unidade Leme,335939173.4371332,0.0,3445213.114254595,129781391409.2392,94439192310.42108,72225.6,0.0,0.0,0.0,0.0,0.0,72225.6,1447850.743815238,20149.25618476211,178085.64148927425,106400.0,0.0,0.0,0.0,0.0,0.0,129781391409.2392,233792696082.94812,384123051.6074827,2000000
47,BIOSEV - Unidade MB,503908760.15569973,0.0,0.0,129781391409.2392,94439192310.42108,108338.4,108338.4,0.0,0.0,0.0,0.0,0.0,2171776.1157228565,30223.884277143516,267128.4622339113,159600.0,0.0,0.0,0.0,0.0,0.0,129781391409.2392,233792696082.94812,581352397.0826056,3000000
48,BIOSEV - Unidade Passa Tempo,503908760.15569973,0.0,0.0,129781391409.2392,94439192310.42108,108338.4,108338.4,0.0,0.0,0.0,0.0,0.0,2171776.1157228565,30223.884277143516,267128.4622339113,159600.0,0.0,0.0,0.0,0.0,0.0,129781391409.2392,233792696082.94812,581352397.0826056,3000000
49,BIOSEV - Unidade Pedras de Fogo,162699436.0,0.0,0.0,129781391409.2392,94439192310.42108,90282.0,90282.0,0.0,0.0,0.0,0.0,0.0,0.0,734000.0,0.0,53200.0,0.0,0.0,0.0,0.0,0.0,129781391409.2392,233792696082.94812,60823028.16,1000000
50,BIOSEV - Unidade Rio Brilhante,839847933.592833,0.0,0.0,129781391409.2392,94439192310.42108,180564.0,180564.0,0.0,0.0,0.0,0.0,0.0,3619626.8595380946,50373.140461905394,445214.1037231856,266000.0,0.0,0.0,0.0,0.0,0.0,129781391409.2392,233792696082.94812,968920661.8043427,5000000
51,BIOSEV - Unidade Santa Elisa,923832726.9521163,0.0,0.0,129781391409.2392,94439192310.42108,198620.4,198620.4,0.0,0.0,0.0,0.0,0.0,3981589.545491904,55410.45450809598,489735.5140955042,292600.0,0.0,0.0,0.0,0.0,0.0,129781391409.2392,233792696082.94812,1065812727.9847772,5500000
52,BIOSEV - Unidade Vale do Rosário,923832726.9521163,0.0,0.0,129781391409.2392,94439192310.42108,198620.4,198620.4,0.0,0.0,0.0,0.0,0.0,3981589.545491904,55410.45450809598,489735.5140955042,292600.0,0.0,0.0,0.0,0.0,0.0,129781391409.2392,233792696082.94812,1065812727.9847772,5500000
53,Boa Vista,813497180.0,0.0,0.0,129781391409.2392,94439192310.42108,451410.0,451410.0,0.0,0.0,0.0,0.0,0.0,0.0,3670000.0,0.0,266000.0,0.0,0.0,0.0,0.0,0.0,129781391409.2392,233792696082.94812,304115140.8000002,5000000
54,Bom Jesus,162699436.0,0.0,0.0,129781391409.2392,94439192310.42108,90282.0,90282.0,0.0,0.0,0.0,0.0,0.0,0.0,734000.0,0.0,53200.0,0.0,0.0,0.0,0.0,0.0,129781391409.2392,233792696082.94812,60823028.16,1000000
55,Bom Sucesso,503908760.15569973,0.0,0.0,129781391409.2392,94439192310.42108,108338.4,108338.4,0.0,0.0,0.0,0.0,0.0,2171776.1157228565,30223.884277143516,267128.4622339113,159600.0,0.0,0.0,0.0,0.0,0.0,129781391409.2392,233792696082.94812,581352397.0826056,3000000
56,Branco Peres,167969586.7185666,0.0,0.0,129781391409.2392,94439192310.42108,36112.8,36112.8,0.0,0.0,0.0,0.0,0.0,723925.371907619,10074.628092381055,89042.82074463711,53200.0,0.0,0.0,0.0,0.0,0.0,129781391409.2392,233792696082.94812,193784132.3608685,1000000
57,BRENCO - Usina Morro Vermelho,650797744.0,0.0,0.0,129781391409.2392,94439192310.42108,361128.0,361128.0,0.0,0.0,0.0,0.0,0.0,0.0,2936000.0,0.0,212800.0,0.0,0.0,0.0,0.0,0.0,129781391409.2392,233792696082.94812,243292112.64,4000000
58,Buriti - Sorriso,162699436.0,0.0,0.0,129781391409.2392,94439192310.42108,90282.0,90282.0,0.0,0.0,0.0,0.0,0.0,0.0,734000.0,0.0,53200.0,0.0,0.0,0.0,0.0,0.0,129781391409.2392,233792696082.94812,60823028.16,1000000
59,Buriti - Buritizal,488098308.0,0.0,0.0,129781391409.2392,94439192310.42108,270846.0,270846.0,0.0,0.0,0.0,0.0,0.0,0.0,2202000.0,0.0,159600.0,0.0,0.0,0.0,0.0,0.0,129781391409.2392,233792696082.94812,182469084.48000002,3000000
60,Cabrera Energética,325398872.0,0.0,0.0,129781391409.2392,94439192310.42108,180564.0,180564.0,0.0,0.0,0.0,0.0,0.0,0.0,1468000.0,0.0,106400.0,0.0,0.0,0.0,0.0,0.0,129781391409.2392,233792696082.94812,121646056.32,2000000
61,Cachoeira - Tupaciguara,162699436.0,0.0,0.0,129781391409.2392,94439192310.42108,90282.0,90282.0,0.0,0.0,0.0,0.0,0.0,0.0,734000.0,0.0,53200.0,0.0,0.0,0.0,0.0,0.0,129781391409.2392,233792696082.94812,60823028.16,1000000
62,Caçú,335939173.4371332,0.0,0.0,129781391409.2392,94439192310.42108,72225.6,72225.6,0.0,0.0,0.0,0.0,0.0,1447850.743815238,20149.25618476211,178085.64148927425,106400.0,0.0,0.0,0.0,0.0,0.0,129781391409.2392,233792696082.94812,387568264.72173727,2000000
63,Caeté,335939173.4371332,0.0,0.0,129781391409.2392,94439192310.42108,72225.6,72225.6,0.0,0.0,0.0,0.0,0.0,1447850.743815238,20149.25618476211,178085.64148927425,106400.0,0.0,0.0,0.0,0.0,0.0,129781391409.2392,233792696082.94812,387568264.72173727,2000000
64,Caeté - Unidade Paulicéia,813497180.0,0.0,0.0,129781391409.2392,94439192310.42108,451410.0,451410.0,0.0,0.0,0.0,0.0,0.0,0.0,3670000.0,0.0,266000.0,0.0,0.0,0.0,0.0,0.0,129781391409.2392,233792696082.94812,304115140.8000002,5000000
65,Cafealcool,162699436.0,0.0,0.0,129781391409.2392,94439192310.42108,90282.0,90282.0,0.0,0.0,0.0,0.0,0.0,0.0,734000.0,0.0,53200.0,0.0,0.0,0.0,0.0,0.0,129781391409.2392,233792696082.94812,60823028.16,1000000
66,Camaragibe,167969586.7185666,0.0,0.0,129781391409.2392,94439192310.42108,36112.8,36112.8,0.0,0.0,0.0,0.0,0.0,723925.371907619,10074.628092381055,89042.82074463711,53200.0,0.0,0.0,0.0,0.0,0.0,129781391409.2392,233792696082.94812,193784132.3608685,1000000
67,Cambuí,325398872.0,0.0,0.0,129781391409.2392,94439192310.42108,180564.0,180564.0,0.0,0.0,0.0,0.0,0.0,0.0,1468000.0,0.0,106400.0,0.0,0.0,0.0,0.0,0.0,129781391409.2392,233792696082.94812,121646056.32,2000000
68,Campo Lindo,162699436.0,0.0,0.0,129781391409.2392,94439192310.42108,90282.0,90282.0,0.0,0.0,0.0,0.0,0.0,0.0,734000.0,0.0,53200.0,0.0,0.0,0.0,0.0,0.0,129781391409.2392,233792696082.94812,60823028.16,1000000
69,Canabrava 1,325398872.0,0.0,10377885.59544015,129781391409.2392,94439192310.42108,180564.0,0.0,0.0,0.0,0.0,0.0,180564.0,0.0,1468000.0,0.0,106400.0,0.0,0.0,0.0,0.0,0.0,129781391409.2392,233792696082.94812,111268170.72455984,2000000
70,Carolo (N.Sra. Aparecida - BC Pontal),503908760.15569973,0.0,0.0,129781391409.2392,94439192310.42108,108338.4,108338.4,0.0,0.0,0.0,0.0,0.0,2171776.1157228565,30223.884277143516,267128.4622339113,159600.0,0.0,0.0,0.0,0.0,0.0,129781391409.2392,233792696082.94812,581352397.0826056,3000000
71,CBB - CIA Bioenergética,162699436.0,0.0,0.0,129781391409.2392,94439192310.42108,90282.0,90282.0,0.0,0.0,0.0,0.0,0.0,0.0,734000.0,0.0,53200.0,0.0,0.0,0.0,0.0,0.0,129781391409.2392,233792696082.94812,60823028.16,1000000
72,Ceara-Mirim,162699436.0,0.0,3364670.4891490485,129781391409.2392,94439192310.42108,90282.0,0.0,0.0,0.0,0.0,0.0,90282.0,0.0,734000.0,0.0,53200.0,0.0,0.0,0.0,0.0,0.0,129781391409.2392,233792696082.94812,57458357.67085096,1000000
73,Cenasa,162699436.0,0.0,0.0,129781391409.2392,94439192310.42108,90282.0,90282.0,0.0,0.0,0.0,0.0,0.0,0.0,734000.0,0.0,53200.0,0.0,0.0,0.0,0.0,0.0,129781391409.2392,233792696082.94812,60823028.16,1000000
74,Central Leão Utinga,167969586.7185666,0.0,0.0,129781391409.2392,94439192310.42108,36112.8,36112.8,0.0,0.0,0.0,0.0,0.0,723925.371907619,10074.628092381055,89042.82074463711,53200.0,0.0,0.0,0.0,0.0,0.0,129781391409.2392,233792696082.94812,193784132.3608685,1000000
75,Central Morrinhos,335939173.4371332,0.0,0.0,129781391409.2392,94439192310.42108,72225.6,72225.6,0.0,0.0,0.0,0.0,0.0,1447850.743815238,20149.25618476211,178085.64148927425,106400.0,0.0,0.0,0.0,0.0,0.0,129781391409.2392,233792696082.94812,387568264.72173727,2000000
76,Central Olho D'Água,335939173.4371332,0.0,0.0,129781391409.2392,94439192310.42108,72225.6,72225.6,0.0,0.0,0.0,0.0,0.0,1447850.743815238,20149.25618476211,178085.64148927425,106400.0,0.0,0.0,0.0,0.0,0.0,129781391409.2392,233792696082.94812,387568264.72173727,2000000
77,Centro Oeste Iguatemi,162699436.0,0.0,0.0,129781391409.2392,94439192310.42108,90282.0,90282.0,0.0,0.0,0.0,0.0,0.0,0.0,734000.0,0.0,53200.0,0.0,0.0,0.0,0.0,0.0,129781391409.2392,233792696082.94812,60823028.16,1000000
78,Cerradão,335939173.4371332,0.0,0.0,129781391409.2392,94439192310.42108,72225.6,72225.6,0.0,0.0,0.0,0.0,0.0,1447850.743815238,20149.25618476211,178085.64148927425,106400.0,0.0,0.0,0.0,0.0,0.0,129781391409.2392,233792696082.94812,387568264.72173727,2000000
79,Cevasa,503908760.15569973,0.0,0.0,129781391409.2392,94439192310.42108,108338.4,108338.4,0.0,0.0,0.0,0.0,0.0,2171776.1157228565,30223.884277143516,267128.4622339113,159600.0,0.0,0.0,0.0,0.0,0.0,129781391409.2392,233792696082.94812,581352397.0826056,3000000
80,Cia. Energética Vale do São Simão,335939173.4371332,0.0,0.0,129781391409.2392,94439192310.42108,72225.6,72225.6,0.0,0.0,0.0,0.0,0.0,1447850.743815238,20149.25618476211,178085.64148927425,106400.0,0.0,0.0,0.0,0.0,0.0,129781391409.2392,233792696082.94812,387568264.72173727,2000000
81,Citrosuco,162699436.0,0.0,0.0,129781391409.2392,94439192310.42108,90282.0,90282.0,0.0,0.0,0.0,0.0,0.0,0.0,734000.0,0.0,53200.0,0.0,0.0,0.0,0.0,0.0,129781391409.2392,233792696082.94812,60823028.16,1000000
82,Clealco - Unidade Queiroz,923832726.9521163,0.0,0.0,129781391409.2392,94439192310.42108,198620.4,198620.4,0.0,0.0,0.0,0.0,0.0,3981589.545491904,55410.45450809598,489735.5140955042,292600.0,0.0,0.0,0.0,0.0,0.0,129781391409.2392,233792696082.94812,1065812727.9847772,5500000
83,Coaf - Cruangi,162699436.0,0.0,0.0,129781391409.2392,94439192310.42108,90282.0,90282.0,0.0,0.0,0.0,0.0,0.0,0.0,734000.0,0.0,53200.0,0.0,0.0,0.0,0.0,0.0,129781391409.2392,233792696082.94812,60823028.16,1000000
84,Coagro,167969586.7185666,0.0,2005291.6115026847,129781391409.2392,94439192310.42108,36112.8,0.0,0.0,0.0,0.0,0.0,36112.8,723925.371907619,10074.628092381055,89042.82074463711,53200.0,0.0,0.0,0.0,0.0,0.0,129781391409.2392,233792696082.94812,191778840.74936584,1000000
85,Cocal,671878346.8742664,0.0,0.0,129781391409.2392,94439192310.42108,144451.2,144451.2,0.0,0.0,0.0,0.0,0.0,2895701.487630476,40298.51236952422,356171.2829785485,212800.0,0.0,0.0,0.0,0.0,0.0,129781391409.2392,233792696082.94812,775136529.4434745,4000000
86,Cocal - Unidade Narandiba,671878346.8742664,0.0,0.0,129781391409.2392,94439192310.42108,144451.2,144451.2,0.0,0.0,0.0,0.0,0.0,2895701.487630476,40298.51236952422,356171.2829785485,212800.0,0.0,0.0,0.0,0.0,0.0,129781391409.2392,233792696082.94812,775136529.4434745,4000000
87,COFCO BRASIL S.A. - Catanduva,839847933.592833,0.0,0.0,129781391409.2392,94439192310.42108,180564.0,180564.0,0.0,0.0,0.0,0.0,0.0,3619626.8595380946,50373.140461905394,445214.1037231856,266000.0,0.0,0.0,0.0,0.0,0.0,129781391409.2392,233792696082.94812,968920661.8043427,5000000
88,COFCO BRASIL S.A. - Meridiano,671878346.8742664,0.0,0.0,129781391409.2392,94439192310.42108,144451.2,144451.2,0.0,0.0,0.0,0.0,0.0,2895701.487630476,40298.51236952422,356171.2829785485,212800.0,0.0,0.0,0.0,0.0,0.0,129781391409.2392,233792696082.94812,775136529.4434745,4000000
89,COFCO BRASIL S.A. - Potirendaba,671878346.8742664,0.0,0.0,129781391409.2392,94439192310.42108,144451.2,144451.2,0.0,0.0,0.0,0.0,0.0,2895701.487630476,40298.51236952422,356171.2829785485,212800.0,0.0,0.0,0.0,0.0,0.0,129781391409.2392,233792696082.94812,775136529.4434745,4000000
90,COFCO BRASIL S.A. - Sebastianópolis do Sul,839847933.592833,0.0,0.0,129781391409.2392,94439192310.42108,180564.0,180564.0,0.0,0.0,0.0,0.0,0.0,3619626.8595380946,50373.140461905394,445214.1037231856,266000.0,0.0,0.0,0.0,0.0,0.0,129781391409.2392,233792696082.94812,968920661.8043427,5000000
91,Colombo,923832726.9521163,0.0,0.0,129781391409.2392,94439192310.42108,198620.4,198620.4,0.0,0.0,0.0,0.0,0.0,3981589.545491904,55410.45450809598,489735.5140955042,292600.0,0.0,0.0,0.0,0.0,0.0,129781391409.2392,233792696082.94812,1065812727.9847772,5500000
92,Colombo (Unidade Palestina),325398872.0,0.0,0.0,129781391409.2392,94439192310.42108,180564.0,180564.0,0.0,0.0,0.0,0.0,0.0,0.0,1468000.0,0.0,106400.0,0.0,0.0,0.0,0.0,0.0,129781391409.2392,233792696082.94812,121646056.32,2000000
93,Colorado,923832726.9521163,0.0,0.0,129781391409.2392,94439192310.42108,198620.4,198620.4,0.0,0.0,0.0,0.0,0.0,3981589.545491904,55410.45450809598,489735.5140955042,292600.0,0.0,0.0,0.0,0.0,0.0,129781391409.2392,233792696082.94812,1065812727.9847772,5500000
94,Comanche Canitar,162699436.0,0.0,0.0,129781391409.2392,94439192310.42108,90282.0,90282.0,0.0,0.0,0.0,0.0,0.0,0.0,734000.0,0.0,53200.0,0.0,0.0,0.0,0.0,0.0,129781391409.2392,233792696082.94812,60823028.16,1000000
95,Comanche-Tatuí,162699436.0,0.0,4537063.065835431,129781391409.2392,94439192310.42108,90282.0,0.0,0.0,0.0,0.0,0.0,90282.0,0.0,734000.0,0.0,53200.0,0.0,0.0,0.0,0.0,0.0,129781391409.2392,233792696082.94812,56285965.09416458,1000000
96,Compahia Agroindustrial de Goiana (Santa Teresa),167969586.7185666,0.0,0.0,129781391409.2392,94439192310.42108,36112.8,36112.8,0.0,0.0,0.0,0.0,0.0,723925.371907619,10074.628092381055,89042.82074463711,53200.0,0.0,0.0,0.0,0.0,0.0,129781391409.2392,233792696082.94812,193784132.3608685,1000000
97,Comvap,167969586.7185666,0.0,0.0,129781391409.2392,94439192310.42108,36112.8,36112.8,0.0,0.0,0.0,0.0,0.0,723925.371907619,10074.628092381055,89042.82074463711,53200.0,0.0,0.0,0.0,0.0,0.0,129781391409.2392,233792696082.94812,193784132.3608685,1000000
98,Conquista de Minas,167969586.7185666,0.0,0.0,129781391409.2392,94439192310.42108,36112.8,36112.8,0.0,0.0,0.0,0.0,0.0,723925.371907619,10074.628092381055,89042.82074463711,53200.0,0.0,0.0,0.0,0.0,0.0,129781391409.2392,233792696082.94812,193784132.3608685,1000000
99,Coopercana,162699436.0,0.0,0.0,129781391409.2392,94439192310.42108,90282.0,90282.0,0.0,0.0,0.0,0.0,0.0,0.0,734000.0,0.0,53200.0,0.0,0.0,0.0,0.0,0.0,129781391409.2392,233792696082.94812,60823028.16,1000000
100,Cooper-Rubi,335939173.4371332,0.0,0.0,129781391409.2392,94439192310.42108,72225.6,72225.6,0.0,0.0,0.0,0.0,0.0,1447850.743815238,20149.25618476211,178085.64148927425,106400.0,0.0,0.0,0.0,0.0,0.0,129781391409.2392,233792696082.94812,387568264.72173727,2000000
101,Copersul,167969586.7185666,0.0,0.0,129781391409.2392,94439192310.42108,36112.8,36112.8,0.0,0.0,0.0,0.0,0.0,723925.371907619,10074.628092381055,89042.82074463711,53200.0,0.0,0.0,0.0,0.0,0.0,129781391409.2392,233792696082.94812,193784132.3608685,1000000
102,Coplasa,839847933.592833,0.0,0.0,129781391409.2392,94439192310.42108,180564.0,180564.0,0.0,0.0,0.0,0.0,0.0,3619626.8595380946,50373.140461905394,445214.1037231856,266000.0,0.0,0.0,0.0,0.0,0.0,129781391409.2392,233792696082.94812,968920661.8043427,5000000
103,Coprodia,335939173.4371332,0.0,0.0,129781391409.2392,94439192310.42108,72225.6,72225.6,0.0,0.0,0.0,0.0,0.0,1447850.743815238,20149.25618476211,178085.64148927425,106400.0,0.0,0.0,0.0,0.0,0.0,129781391409.2392,233792696082.94812,387568264.72173727,2000000
104,Coruripe,503908760.15569973,0.0,0.0,129781391409.2392,94439192310.42108,108338.4,108338.4,0.0,0.0,0.0,0.0,0.0,2171776.1157228565,30223.884277143516,267128.4622339113,159600.0,0.0,0.0,0.0,0.0,0.0,129781391409.2392,233792696082.94812,581352397.0826056,3000000
105,Coruripe - Filial Campo Florido,671878346.8742664,0.0,0.0,129781391409.2392,94439192310.42108,144451.2,144451.2,0.0,0.0,0.0,0.0,0.0,2895701.487630476,40298.51236952422,356171.2829785485,212800.0,0.0,0.0,0.0,0.0,0.0,129781391409.2392,233792696082.94812,775136529.4434745,4000000
106,Coruripe - Filial Limeira do Oeste,162699436.0,0.0,0.0,129781391409.2392,94439192310.42108,90282.0,90282.0,0.0,0.0,0.0,0.0,0.0,0.0,734000.0,0.0,53200.0,0.0,0.0,0.0,0.0,0.0,129781391409.2392,233792696082.94812,60823028.16,1000000
107,Coruripe - Iturama,671878346.8742664,0.0,0.0,129781391409.2392,94439192310.42108,144451.2,144451.2,0.0,0.0,0.0,0.0,0.0,2895701.487630476,40298.51236952422,356171.2829785485,212800.0,0.0,0.0,0.0,0.0,0.0,129781391409.2392,233792696082.94812,775136529.4434745,4000000
108,Costa Bioenergia,335939173.4371332,0.0,0.0,129781391409.2392,94439192310.42108,72225.6,72225.6,0.0,0.0,0.0,0.0,0.0,1447850.743815238,20149.25618476211,178085.64148927425,106400.0,0.0,0.0,0.0,0.0,0.0,129781391409.2392,233792696082.94812,387568264.72173727,2000000
109,CRV,167969586.7185666,0.0,0.0,129781391409.2392,94439192310.42108,36112.8,36112.8,0.0,0.0,0.0,0.0,0.0,723925.371907619,10074.628092381055,89042.82074463711,53200.0,0.0,0.0,0.0,0.0,0.0,129781391409.2392,233792696082.94812,193784132.3608685,1000000
110,Cucau,335939173.4371332,0.0,0.0,129781391409.2392,94439192310.42108,72225.6,72225.6,0.0,0.0,0.0,0.0,0.0,1447850.743815238,20149.25618476211,178085.64148927425,106400.0,0.0,0.0,0.0,0.0,0.0,129781391409.2392,233792696082.94812,387568264.72173727,2000000
111,Da Mata,671878346.8742664,0.0,0.0,129781391409.2392,94439192310.42108,144451.2,144451.2,0.0,0.0,0.0,0.0,0.0,2895701.487630476,40298.51236952422,356171.2829785485,212800.0,0.0,0.0,0.0,0.0,0.0,129781391409.2392,233792696082.94812,775136529.4434745,4000000
112,Da Pedra,839847933.592833,0.0,0.0,129781391409.2392,94439192310.42108,180564.0,180564.0,0.0,0.0,0.0,0.0,0.0,3619626.8595380946,50373.140461905394,445214.1037231856,266000.0,0.0,0.0,0.0,0.0,0.0,129781391409.2392,233792696082.94812,968920661.8043427,5000000
113,Dacalda,335939173.4371332,0.0,0.0,129781391409.2392,94439192310.42108,72225.6,72225.6,0.0,0.0,0.0,0.0,0.0,1447850.743815238,20149.25618476211,178085.64148927425,106400.0,0.0,0.0,0.0,0.0,0.0,129781391409.2392,233792696082.94812,387568264.72173727,2000000
114,DAMFI,162699436.0,0.0,0.0,129781391409.2392,94439192310.42108,90282.0,90282.0,0.0,0.0,0.0,0.0,0.0,0.0,734000.0,0.0,53200.0,0.0,0.0,0.0,0.0,0.0,129781391409.2392,233792696082.94812,60823028.16,1000000
115,Dasa,325398872.0,0.0,0.0,129781391409.2392,94439192310.42108,180564.0,180564.0,0.0,0.0,0.0,0.0,0.0,0.0,1468000.0,0.0,106400.0,0.0,0.0,0.0,0.0,0.0,129781391409.2392,233792696082.94812,121646056.32,2000000
116,Della Coletta,335939173.4371332,0.0,0.0,129781391409.2392,94439192310.42108,72225.6,72225.6,0.0,0.0,0.0,0.0,0.0,1447850.743815238,20149.25618476211,178085.64148927425,106400.0,0.0,0.0,0.0,0.0,0.0,129781391409.2392,233792696082.94812,387568264.72173727,2000000
117,Delta - Unidade Delta,839847933.592833,0.0,0.0,129781391409.2392,94439192310.42108,180564.0,180564.0,0.0,0.0,0.0,0.0,0.0,3619626.8595380946,50373.140461905394,445214.1037231856,266000.0,0.0,0.0,0.0,0.0,0.0,129781391409.2392,233792696082.94812,968920661.8043427,5000000
118,Delta - Unidade Volta Grande,839847933.592833,0.0,0.0,129781391409.2392,94439192310.42108,180564.0,180564.0,0.0,0.0,0.0,0.0,0.0,3619626.8595380946,50373.140461905394,445214.1037231856,266000.0,0.0,0.0,0.0,0.0,0.0,129781391409.2392,233792696082.94812,968920661.8043427,5000000
119,Denusa,325398872.0,0.0,0.0,129781391409.2392,94439192310.42108,180564.0,180564.0,0.0,0.0,0.0,0.0,0.0,0.0,1468000.0,0.0,106400.0,0.0,0.0,0.0,0.0,0.0,129781391409.2392,233792696082.94812,121646056.32,2000000
120,Destilaria Alternativa,162699436.0,0.0,0.0,129781391409.2392,94439192310.42108,90282.0,90282.0,0.0,0.0,0.0,0.0,0.0,0.0,734000.0,0.0,53200.0,0.0,0.0,0.0,0.0,0.0,129781391409.2392,233792696082.94812,60823028.16,1000000
121,Diana,335939173.4371332,0.0,0.0,129781391409.2392,94439192310.42108,72225.6,72225.6,0.0,0.0,0.0,0.0,0.0,1447850.743815238,20149.25618476211,178085.64148927425,106400.0,0.0,0.0,0.0,0.0,0.0,129781391409.2392,233792696082.94812,387568264.72173727,2000000
122,D'Pádua,162699436.0,0.0,4799406.75526742,129781391409.2392,94439192310.42108,90282.0,0.0,0.0,0.0,0.0,0.0,90282.0,0.0,734000.0,0.0,53200.0,0.0,0.0,0.0,0.0,0.0,129781391409.2392,233792696082.94812,56023621.404732585,1000000
123,Eldorado,671878346.8742664,0.0,0.0,129781391409.2392,94439192310.42108,144451.2,144451.2,0.0,0.0,0.0,0.0,0.0,2895701.487630476,40298.51236952422,356171.2829785485,212800.0,0.0,0.0,0.0,0.0,0.0,129781391409.2392,233792696082.94812,775136529.4434745,4000000
124,Energética Serranópolis,167969586.7185666,0.0,0.0,129781391409.2392,94439192310.42108,36112.8,36112.8,0.0,0.0,0.0,0.0,0.0,723925.371907619,10074.628092381055,89042.82074463711,53200.0,0.0,0.0,0.0,0.0,0.0,129781391409.2392,233792696082.94812,193784132.3608685,1000000
125,Engenho Meneghetti,162699436.0,0.0,3167382.090229421,129781391409.2392,94439192310.42108,90282.0,0.0,0.0,0.0,0.0,0.0,90282.0,0.0,734000.0,0.0,53200.0,0.0,0.0,0.0,0.0,0.0,129781391409.2392,233792696082.94812,57655646.069770575,1000000
126,Ester,503908760.15569973,0.0,2106601.4463801184,129781391409.2392,94439192310.42108,108338.4,0.0,0.0,0.0,0.0,0.0,108338.4,2171776.1157228565,30223.884277143516,267128.4622339113,159600.0,0.0,0.0,0.0,0.0,0.0,129781391409.2392,233792696082.94812,579245795.6362255,3000000
127,ETH - Conquista do Pontal,839847933.592833,0.0,0.0,129781391409.2392,94439192310.42108,180564.0,180564.0,0.0,0.0,0.0,0.0,0.0,3619626.8595380946,50373.140461905394,445214.1037231856,266000.0,0.0,0.0,0.0,0.0,0.0,129781391409.2392,233792696082.94812,968920661.8043427,5000000
128,ETH - UNIDADE COSTA RICA,650797744.0,0.0,0.0,129781391409.2392,94439192310.42108,361128.0,361128.0,0.0,0.0,0.0,0.0,0.0,0.0,2936000.0,0.0,212800.0,0.0,0.0,0.0,0.0,0.0,129781391409.2392,233792696082.94812,243292112.64,4000000
129,ETH BIOENERGIA,813497180.0,0.0,0.0,129781391409.2392,94439192310.42108,451410.0,451410.0,0.0,0.0,0.0,0.0,0.0,0.0,3670000.0,0.0,266000.0,0.0,0.0,0.0,0.0,0.0,129781391409.2392,233792696082.94812,304115140.8000002,5000000
130,Fátima do Sul Agroenergética,325398872.0,0.0,0.0,129781391409.2392,94439192310.42108,180564.0,180564.0,0.0,0.0,0.0,0.0,0.0,0.0,1468000.0,0.0,106400.0,0.0,0.0,0.0,0.0,0.0,129781391409.2392,233792696082.94812,121646056.32,2000000
131,Ferrari / São Marino,671878346.8742664,0.0,7609131.348183757,129781391409.2392,94439192310.42108,144451.2,0.0,0.0,0.0,0.0,0.0,144451.2,2895701.487630476,40298.51236952422,356171.2829785485,212800.0,0.0,0.0,0.0,0.0,0.0,129781391409.2392,233792696082.94812,767527398.0952908,4000000
132,Figueira - Alcoazul,335939173.4371332,0.0,0.0,129781391409.2392,94439192310.42108,72225.6,72225.6,0.0,0.0,0.0,0.0,0.0,1447850.743815238,20149.25618476211,178085.64148927425,106400.0,0.0,0.0,0.0,0.0,0.0,129781391409.2392,233792696082.94812,387568264.72173727,2000000
133,Figueira - Generalco,325398872.0,0.0,0.0,129781391409.2392,94439192310.42108,180564.0,180564.0,0.0,0.0,0.0,0.0,0.0,0.0,1468000.0,0.0,106400.0,0.0,0.0,0.0,0.0,0.0,129781391409.2392,233792696082.94812,121646056.32,2000000
134,Floresta,325398872.0,0.0,0.0,129781391409.2392,94439192310.42108,180564.0,180564.0,0.0,0.0,0.0,0.0,0.0,0.0,1468000.0,0.0,106400.0,0.0,0.0,0.0,0.0,0.0,129781391409.2392,233792696082.94812,121646056.32,2000000
135,Frutal Açúcar e Álcool,335939173.4371332,0.0,0.0,129781391409.2392,94439192310.42108,72225.6,72225.6,0.0,0.0,0.0,0.0,0.0,1447850.743815238,20149.25618476211,178085.64148927425,106400.0,0.0,0.0,0.0,0.0,0.0,129781391409.2392,233792696082.94812,387568264.72173727,2000000
136,Furlan,335939173.4371332,0.0,1678281.0843914163,129781391409.2392,94439192310.42108,72225.6,0.0,0.0,0.0,0.0,0.0,72225.6,1447850.743815238,20149.25618476211,178085.64148927425,106400.0,0.0,0.0,0.0,0.0,0.0,129781391409.2392,233792696082.94812,385889983.63734585,2000000
137,Goianésia,167969586.7185666,0.0,0.0,129781391409.2392,94439192310.42108,36112.8,36112.8,0.0,0.0,0.0,0.0,0.0,723925.371907619,10074.628092381055,89042.82074463711,53200.0,0.0,0.0,0.0,0.0,0.0,129781391409.2392,233792696082.94812,193784132.3608685,1000000
138,Goiasa,839847933.592833,0.0,0.0,129781391409.2392,94439192310.42108,180564.0,180564.0,0.0,0.0,0.0,0.0,0.0,3619626.8595380946,50373.140461905394,445214.1037231856,266000.0,0.0,0.0,0.0,0.0,0.0,129781391409.2392,233792696082.94812,968920661.8043427,5000000
139,Grizzo,162699436.0,0.0,0.0,129781391409.2392,94439192310.42108,90282.0,90282.0,0.0,0.0,0.0,0.0,0.0,0.0,734000.0,0.0,53200.0,0.0,0.0,0.0,0.0,0.0,129781391409.2392,233792696082.94812,60823028.16,1000000
140,Guaíra,671878346.8742664,0.0,0.0,129781391409.2392,94439192310.42108,144451.2,144451.2,0.0,0.0,0.0,0.0,0.0,2895701.487630476,40298.51236952422,356171.2829785485,212800.0,0.0,0.0,0.0,0.0,0.0,129781391409.2392,233792696082.94812,775136529.4434745,4000000
141,Guarani - Unidade Cruz Alta,923832726.9521163,0.0,0.0,129781391409.2392,94439192310.42108,198620.4,198620.4,0.0,0.0,0.0,0.0,0.0,3981589.545491904,55410.45450809598,489735.5140955042,292600.0,0.0,0.0,0.0,0.0,0.0,129781391409.2392,233792696082.94812,1065812727.9847772,5500000
142,Guarani - Unidade Mandu Guaíra,671878346.8742664,0.0,0.0,129781391409.2392,94439192310.42108,144451.2,144451.2,0.0,0.0,0.0,0.0,0.0,2895701.487630476,40298.51236952422,356171.2829785485,212800.0,0.0,0.0,0.0,0.0,0.0,129781391409.2392,233792696082.94812,775136529.4434745,4000000
143,Guarani - Unidade Severinia,503908760.15569973,0.0,0.0,129781391409.2392,94439192310.42108,108338.4,108338.4,0.0,0.0,0.0,0.0,0.0,2171776.1157228565,30223.884277143516,267128.4622339113,159600.0,0.0,0.0,0.0,0.0,0.0,129781391409.2392,233792696082.94812,581352397.0826056,3000000
144,Guarani - Unidade Tanabi,335939173.4371332,0.0,0.0,129781391409.2392,94439192310.42108,72225.6,72225.6,0.0,0.0,0.0,0.0,0.0,1447850.743815238,20149.25618476211,178085.64148927425,106400.0,0.0,0.0,0.0,0.0,0.0,129781391409.2392,233792696082.94812,387568264.72173727,2000000
145,Guariroba,335939173.4371332,0.0,0.0,129781391409.2392,94439192310.42108,72225.6,72225.6,0.0,0.0,0.0,0.0,0.0,1447850.743815238,20149.25618476211,178085.64148927425,106400.0,0.0,0.0,0.0,0.0,0.0,129781391409.2392,233792696082.94812,387568264.72173727,2000000
146,Iacanga,671878346.8742664,0.0,0.0,129781391409.2392,94439192310.42108,144451.2,144451.2,0.0,0.0,0.0,0.0,0.0,2895701.487630476,40298.51236952422,356171.2829785485,212800.0,0.0,0.0,0.0,0.0,0.0,129781391409.2392,233792696082.94812,775136529.4434745,4000000
147,IACO,488098308.0,0.0,0.0,129781391409.2392,94439192310.42108,270846.0,270846.0,0.0,0.0,0.0,0.0,0.0,0.0,2202000.0,0.0,159600.0,0.0,0.0,0.0,0.0,0.0,129781391409.2392,233792696082.94812,182469084.48000002,3000000
148,Ibaiti,325398872.0,0.0,9997178.335480032,129781391409.2392,94439192310.42108,180564.0,0.0,0.0,0.0,0.0,0.0,180564.0,0.0,1468000.0,0.0,106400.0,0.0,0.0,0.0,0.0,0.0,129781391409.2392,233792696082.94812,111648877.98451996,2000000
149,Ibéria,325398872.0,0.0,0.0,129781391409.2392,94439192310.42108,180564.0,180564.0,0.0,0.0,0.0,0.0,0.0,0.0,1468000.0,0.0,106400.0,0.0,0.0,0.0,0.0,0.0,129781391409.2392,233792696082.94812,121646056.32,2000000
150,Ibirá,167969586.7185666,0.0,2088601.6272142753,129781391409.2392,94439192310.42108,36112.8,0.0,0.0,0.0,0.0,0.0,36112.8,723925.371907619,10074.628092381055,89042.82074463711,53200.0,0.0,0.0,0.0,0.0,0.0,129781391409.2392,233792696082.94812,191695530.73365423,1000000
151,IMCOPA,162699436.0,0.0,1623037.435386083,129781391409.2392,94439192310.42108,90282.0,0.0,0.0,0.0,0.0,0.0,90282.0,0.0,734000.0,0.0,53200.0,0.0,0.0,0.0,0.0,0.0,129781391409.2392,233792696082.94812,59199990.724613905,1000000
152,Interlagos,488098308.0,0.0,0.0,129781391409.2392,94439192310.42108,270846.0,270846.0,0.0,0.0,0.0,0.0,0.0,0.0,2202000.0,0.0,159600.0,0.0,0.0,0.0,0.0,0.0,129781391409.2392,233792696082.94812,182469084.48000002,3000000
153,Ipê,325398872.0,0.0,0.0,129781391409.2392,94439192310.42108,180564.0,180564.0,0.0,0.0,0.0,0.0,0.0,0.0,1468000.0,0.0,106400.0,0.0,0.0,0.0,0.0,0.0,129781391409.2392,233792696082.94812,121646056.32,2000000
154,Ipiranga,335939173.4371332,0.0,4168334.81025041,129781391409.2392,94439192310.42108,72225.6,0.0,0.0,0.0,0.0,0.0,72225.6,1447850.743815238,20149.25618476211,178085.64148927425,106400.0,0.0,0.0,0.0,0.0,0.0,129781391409.2392,233792696082.94812,383399929.91148686,2000000
155,Ipiranga II - Santo Alexandre,335939173.4371332,0.0,4140215.6662400924,129781391409.2392,94439192310.42108,72225.6,0.0,0.0,0.0,0.0,0.0,72225.6,1447850.743815238,20149.25618476211,178085.64148927425,106400.0,0.0,0.0,0.0,0.0,0.0,129781391409.2392,233792696082.94812,383428049.05549717,2000000
156,Ipojuca,167969586.7185666,0.0,0.0,129781391409.2392,94439192310.42108,36112.8,36112.8,0.0,0.0,0.0,0.0,0.0,723925.371907619,10074.628092381055,89042.82074463711,53200.0,0.0,0.0,0.0,0.0,0.0,129781391409.2392,233792696082.94812,193784132.3608685,1000000
157,Iracema,503908760.15569973,0.0,2662487.996669088,129781391409.2392,94439192310.42108,108338.4,0.0,0.0,0.0,0.0,0.0,108338.4,2171776.1157228565,30223.884277143516,267128.4622339113,159600.0,0.0,0.0,0.0,0.0,0.0,129781391409.2392,233792696082.94812,578689909.0859365,3000000
158,Irmãos Malosso,162699436.0,0.0,0.0,129781391409.2392,94439192310.42108,90282.0,90282.0,0.0,0.0,0.0,0.0,0.0,0.0,734000.0,0.0,53200.0,0.0,0.0,0.0,0.0,0.0,129781391409.2392,233792696082.94812,60823028.16,1000000
159,Itajobi,335939173.4371332,0.0,0.0,129781391409.2392,94439192310.42108,72225.6,72225.6,0.0,0.0,0.0,0.0,0.0,1447850.743815238,20149.25618476211,178085.64148927425,106400.0,0.0,0.0,0.0,0.0,0.0,129781391409.2392,233792696082.94812,387568264.72173727,2000000
160,Itajubara,162699436.0,0.0,0.0,129781391409.2392,94439192310.42108,90282.0,90282.0,0.0,0.0,0.0,0.0,0.0,0.0,734000.0,0.0,53200.0,0.0,0.0,0.0,0.0,0.0,129781391409.2392,233792696082.94812,60823028.16,1000000
161,Itamarati,923832726.9521163,0.0,0.0,129781391409.2392,94439192310.42108,198620.4,198620.4,0.0,0.0,0.0,0.0,0.0,3981589.545491904,55410.45450809598,489735.5140955042,292600.0,0.0,0.0,0.0,0.0,0.0,129781391409.2392,233792696082.94812,1065812727.9847772,5500000
162,Itapagipe,503908760.15569973,0.0,0.0,129781391409.2392,94439192310.42108,108338.4,108338.4,0.0,0.0,0.0,0.0,0.0,2171776.1157228565,30223.884277143516,267128.4622339113,159600.0,0.0,0.0,0.0,0.0,0.0,129781391409.2392,233792696082.94812,581352397.0826056,3000000
163,Ituiutaba,335939173.4371332,0.0,0.0,129781391409.2392,94439192310.42108,72225.6,72225.6,0.0,0.0,0.0,0.0,0.0,1447850.743815238,20149.25618476211,178085.64148927425,106400.0,0.0,0.0,0.0,0.0,0.0,129781391409.2392,233792696082.94812,387568264.72173727,2000000
164,Itumbiara,503908760.15569973,0.0,0.0,129781391409.2392,94439192310.42108,108338.4,108338.4,0.0,0.0,0.0,0.0,0.0,2171776.1157228565,30223.884277143516,267128.4622339113,159600.0,0.0,0.0,0.0,0.0,0.0,129781391409.2392,233792696082.94812,581352397.0826056,3000000
165,Jacarezinho,503908760.15569973,0.0,0.0,129781391409.2392,94439192310.42108,108338.4,108338.4,0.0,0.0,0.0,0.0,0.0,2171776.1157228565,30223.884277143516,267128.4622339113,159600.0,0.0,0.0,0.0,0.0,0.0,129781391409.2392,233792696082.94812,581352397.0826056,3000000
166,Jalles Machado,503908760.15569973,0.0,0.0,129781391409.2392,94439192310.42108,108338.4,108338.4,0.0,0.0,0.0,0.0,0.0,2171776.1157228565,30223.884277143516,267128.4622339113,159600.0,0.0,0.0,0.0,0.0,0.0,129781391409.2392,233792696082.94812,581352397.0826056,3000000
167,Jalles Machado - Otávio Lage,335939173.4371332,0.0,0.0,129781391409.2392,94439192310.42108,72225.6,72225.6,0.0,0.0,0.0,0.0,0.0,1447850.743815238,20149.25618476211,178085.64148927425,106400.0,0.0,0.0,0.0,0.0,0.0,129781391409.2392,233792696082.94812,387568264.72173727,2000000
168,Jatiboca,167969586.7185666,0.0,1523854.8336113696,129781391409.2392,94439192310.42108,36112.8,0.0,0.0,0.0,0.0,0.0,36112.8,723925.371907619,10074.628092381055,89042.82074463711,53200.0,0.0,0.0,0.0,0.0,0.0,129781391409.2392,233792696082.94812,192260277.52725714,1000000
169,Jayoro,167969586.7185666,0.0,0.0,129781391409.2392,94439192310.42108,36112.8,36112.8,0.0,0.0,0.0,0.0,0.0,723925.371907619,10074.628092381055,89042.82074463711,53200.0,0.0,0.0,0.0,0.0,0.0,129781391409.2392,233792696082.94812,193784132.3608685,1000000
170,José Granelli,167969586.7185666,0.0,1004536.7499587283,129781391409.2392,94439192310.42108,36112.8,0.0,0.0,0.0,0.0,0.0,36112.8,723925.371907619,10074.628092381055,89042.82074463711,53200.0,0.0,0.0,0.0,0.0,0.0,129781391409.2392,233792696082.94812,192779595.6109098,1000000
171,Junco Novo,162699436.0,0.0,0.0,129781391409.2392,94439192310.42108,90282.0,90282.0,0.0,0.0,0.0,0.0,0.0,0.0,734000.0,0.0,53200.0,0.0,0.0,0.0,0.0,0.0,129781391409.2392,233792696082.94812,60823028.16,1000000
172,Lago Azul,162699436.0,0.0,0.0,129781391409.2392,94439192310.42108,90282.0,90282.0,0.0,0.0,0.0,0.0,0.0,0.0,734000.0,0.0,53200.0,0.0,0.0,0.0,0.0,0.0,129781391409.2392,233792696082.94812,60823028.16,1000000
173,Laguna,162699436.0,0.0,0.0,129781391409.2392,94439192310.42108,90282.0,90282.0,0.0,0.0,0.0,0.0,0.0,0.0,734000.0,0.0,53200.0,0.0,0.0,0.0,0.0,0.0,129781391409.2392,233792696082.94812,60823028.16,1000000
174,Lasa,162699436.0,0.0,0.0,129781391409.2392,94439192310.42108,90282.0,90282.0,0.0,0.0,0.0,0.0,0.0,0.0,734000.0,0.0,53200.0,0.0,0.0,0.0,0.0,0.0,129781391409.2392,233792696082.94812,60823028.16,1000000
175,Liberdade,167969586.7185666,0.0,0.0,129781391409.2392,94439192310.42108,36112.8,36112.8,0.0,0.0,0.0,0.0,0.0,723925.371907619,10074.628092381055,89042.82074463711,53200.0,0.0,0.0,0.0,0.0,0.0,129781391409.2392,233792696082.94812,193784132.3608685,1000000
176,Londra,162699436.0,0.0,4943547.165653823,129781391409.2392,94439192310.42108,90282.0,0.0,0.0,0.0,0.0,0.0,90282.0,0.0,734000.0,0.0,53200.0,0.0,0.0,0.0,0.0,0.0,129781391409.2392,233792696082.94812,55879480.99434617,1000000
177,Lopes da Silva,162699436.0,0.0,0.0,129781391409.2392,94439192310.42108,90282.0,90282.0,0.0,0.0,0.0,0.0,0.0,0.0,734000.0,0.0,53200.0,0.0,0.0,0.0,0.0,0.0,129781391409.2392,233792696082.94812,60823028.16,1000000
178,Luso,162699436.0,0.0,4174542.564824214,129781391409.2392,94439192310.42108,90282.0,0.0,0.0,0.0,0.0,0.0,90282.0,0.0,734000.0,0.0,53200.0,0.0,0.0,0.0,0.0,0.0,129781391409.2392,233792696082.94812,56648485.59517577,1000000
179,Maity Bioenergia,167969586.7185666,0.0,0.0,129781391409.2392,94439192310.42108,36112.8,36112.8,0.0,0.0,0.0,0.0,0.0,723925.371907619,10074.628092381055,89042.82074463711,53200.0,0.0,0.0,0.0,0.0,0.0,129781391409.2392,233792696082.94812,193784132.3608685,1000000
180,Mandacaru,335939173.4371332,0.0,0.0,129781391409.2392,94439192310.42108,72225.6,72225.6,0.0,0.0,0.0,0.0,0.0,1447850.743815238,20149.25618476211,178085.64148927425,106400.0,0.0,0.0,0.0,0.0,0.0,129781391409.2392,233792696082.94812,387568264.72173727,2000000
181,Marituba,167969586.7185666,0.0,0.0,129781391409.2392,94439192310.42108,36112.8,36112.8,0.0,0.0,0.0,0.0,0.0,723925.371907619,10074.628092381055,89042.82074463711,53200.0,0.0,0.0,0.0,0.0,0.0,129781391409.2392,233792696082.94812,193784132.3608685,1000000
182,Melhoramento Ivaí,335939173.4371332,0.0,0.0,129781391409.2392,94439192310.42108,72225.6,72225.6,0.0,0.0,0.0,0.0,0.0,1447850.743815238,20149.25618476211,178085.64148927425,106400.0,0.0,0.0,0.0,0.0,0.0,129781391409.2392,233792696082.94812,387568264.72173727,2000000
183,Miriri,162699436.0,0.0,5149290.568325091,129781391409.2392,94439192310.42108,90282.0,0.0,0.0,0.0,0.0,0.0,90282.0,0.0,734000.0,0.0,53200.0,0.0,0.0,0.0,0.0,0.0,129781391409.2392,233792696082.94812,55673737.591674894,1000000
184,Moema,839847933.592833,0.0,0.0,129781391409.2392,94439192310.42108,180564.0,180564.0,0.0,0.0,0.0,0.0,0.0,3619626.8595380946,50373.140461905394,445214.1037231856,266000.0,0.0,0.0,0.0,0.0,0.0,129781391409.2392,233792696082.94812,968920661.8043427,5000000
185,Monte Alegre - Monte Belo,167969586.7185666,0.0,1829910.2420345312,129781391409.2392,94439192310.42108,36112.8,0.0,0.0,0.0,0.0,0.0,36112.8,723925.371907619,10074.628092381055,89042.82074463711,53200.0,0.0,0.0,0.0,0.0,0.0,129781391409.2392,233792696082.94812,191954222.118834,1000000
186,Monte Alegre,167969586.7185666,0.0,2015724.6430538688,129781391409.2392,94439192310.42108,36112.8,0.0,0.0,0.0,0.0,0.0,36112.8,723925.371907619,10074.628092381055,89042.82074463711,53200.0,0.0,0.0,0.0,0.0,0.0,129781391409.2392,233792696082.94812,191768407.71781465,1000000
187,Monterey,162699436.0,0.0,0.0,129781391409.2392,94439192310.42108,90282.0,90282.0,0.0,0.0,0.0,0.0,0.0,0.0,734000.0,0.0,53200.0,0.0,0.0,0.0,0.0,0.0,129781391409.2392,233792696082.94812,60823028.16,1000000
188,Monteverde,167969586.7185666,0.0,0.0,129781391409.2392,94439192310.42108,36112.8,36112.8,0.0,0.0,0.0,0.0,0.0,723925.371907619,10074.628092381055,89042.82074463711,53200.0,0.0,0.0,0.0,0.0,0.0,129781391409.2392,233792696082.94812,193784132.3608685,1000000
189,Moreno,503908760.15569973,0.0,4491140.439054705,129781391409.2392,94439192310.42108,108338.4,35926.97682926862,0.0,0.0,0.0,0.0,72411.4231707314,2171776.1157228565,30223.884277143516,267128.4622339113,159600.0,0.0,0.0,0.0,0.0,0.0,129781391409.2392,233792696082.94812,576861256.6435511,3000000
190,Nardini,671878346.8742664,0.0,0.0,129781391409.2392,94439192310.42108,144451.2,144451.2,0.0,0.0,0.0,0.0,0.0,2895701.487630476,40298.51236952422,356171.2829785485,212800.0,0.0,0.0,0.0,0.0,0.0,129781391409.2392,233792696082.94812,775136529.4434745,4000000
191,Nova Era,162699436.0,0.0,3466945.539080427,129781391409.2392,94439192310.42108,90282.0,0.0,0.0,0.0,0.0,0.0,90282.0,0.0,734000.0,0.0,53200.0,0.0,0.0,0.0,0.0,0.0,129781391409.2392,233792696082.94812,57356082.620919555,1000000
192,Nova Gália,325398872.0,0.0,0.0,129781391409.2392,94439192310.42108,180564.0,180564.0,0.0,0.0,0.0,0.0,0.0,0.0,1468000.0,0.0,106400.0,0.0,0.0,0.0,0.0,0.0,129781391409.2392,233792696082.94812,121646056.32,2000000
193,Nova Londrina - Ex Copagra,162699436.0,0.0,0.0,129781391409.2392,94439192310.42108,90282.0,90282.0,0.0,0.0,0.0,0.0,0.0,0.0,734000.0,0.0,53200.0,0.0,0.0,0.0,0.0,0.0,129781391409.2392,233792696082.94812,60823028.16,1000000
194,Nova Moreno,488098308.0,0.0,0.0,129781391409.2392,94439192310.42108,270846.0,270846.0,0.0,0.0,0.0,0.0,0.0,0.0,2202000.0,0.0,159600.0,0.0,0.0,0.0,0.0,0.0,129781391409.2392,233792696082.94812,182469084.48000002,3000000
195,Nova Produtiva,325398872.0,0.0,0.0,129781391409.2392,94439192310.42108,180564.0,180564.0,0.0,0.0,0.0,0.0,0.0,0.0,1468000.0,0.0,106400.0,0.0,0.0,0.0,0.0,0.0,129781391409.2392,233792696082.94812,121646056.32,2000000
196,Novo Milênio - Un. Lambari,162699436.0,0.0,0.0,129781391409.2392,94439192310.42108,90282.0,90282.0,0.0,0.0,0.0,0.0,0.0,0.0,734000.0,0.0,53200.0,0.0,0.0,0.0,0.0,0.0,129781391409.2392,233792696082.94812,60823028.16,1000000
197,Novo Milênio - Un. Mirassol,162699436.0,0.0,0.0,129781391409.2392,94439192310.42108,90282.0,90282.0,0.0,0.0,0.0,0.0,0.0,0.0,734000.0,0.0,53200.0,0.0,0.0,0.0,0.0,0.0,129781391409.2392,233792696082.94812,60823028.16,1000000
198,Ouroeste,335939173.4371332,0.0,0.0,129781391409.2392,94439192310.42108,72225.6,72225.6,0.0,0.0,0.0,0.0,0.0,1447850.743815238,20149.25618476211,178085.64148927425,106400.0,0.0,0.0,0.0,0.0,0.0,129781391409.2392,233792696082.94812,387568264.72173727,2000000
199,Pagrisa,167969586.7185666,0.0,0.0,129781391409.2392,94439192310.42108,36112.8,36112.8,0.0,0.0,0.0,0.0,0.0,723925.371907619,10074.628092381055,89042.82074463711,53200.0,0.0,0.0,0.0,0.0,0.0,129781391409.2392,233792696082.94812,193784132.3608685,1000000
200,Paineiras,167969586.7185666,0.0,0.0,129781391409.2392,94439192310.42108,36112.8,36112.8,0.0,0.0,0.0,0.0,0.0,723925.371907619,10074.628092381055,89042.82074463711,53200.0,0.0,0.0,0.0,0.0,0.0,129781391409.2392,233792696082.94812,193784132.3608685,1000000
201,Panorama,503908760.15569973,0.0,0.0,129781391409.2392,94439192310.42108,108338.4,108338.4,0.0,0.0,0.0,0.0,0.0,2171776.1157228565,30223.884277143516,267128.4622339113,159600.0,0.0,0.0,0.0,0.0,0.0,129781391409.2392,233792696082.94812,581352397.0826056,3000000
202,Paraiso,162699436.0,0.0,4932469.744084805,129781391409.2392,94439192310.42108,90282.0,0.0,0.0,0.0,0.0,0.0,90282.0,0.0,734000.0,0.0,53200.0,0.0,0.0,0.0,0.0,0.0,129781391409.2392,233792696082.94812,55890558.41591519,1000000
203,Pederneiras,167969586.7185666,0.0,1056371.0065688721,129781391409.2392,94439192310.42108,36112.8,0.0,0.0,0.0,0.0,0.0,36112.8,723925.371907619,10074.628092381055,89042.82074463711,53200.0,0.0,0.0,0.0,0.0,0.0,129781391409.2392,233792696082.94812,192727761.35429963,1000000
204,Pedro Afonso - Bunge,488098308.0,0.0,0.0,129781391409.2392,94439192310.42108,270846.0,270846.0,0.0,0.0,0.0,0.0,0.0,0.0,2202000.0,0.0,159600.0,0.0,0.0,0.0,0.0,0.0,129781391409.2392,233792696082.94812,182469084.48000002,3000000
205,Penedo (Paisa),162699436.0,0.0,0.0,129781391409.2392,94439192310.42108,90282.0,90282.0,0.0,0.0,0.0,0.0,0.0,0.0,734000.0,0.0,53200.0,0.0,0.0,0.0,0.0,0.0,129781391409.2392,233792696082.94812,60823028.16,1000000
206,Perolândia - Brenco,650797744.0,0.0,0.0,129781391409.2392,94439192310.42108,361128.0,361128.0,0.0,0.0,0.0,0.0,0.0,0.0,2936000.0,0.0,212800.0,0.0,0.0,0.0,0.0,0.0,129781391409.2392,233792696082.94812,243292112.64,4000000
207,Petribú,335939173.4371332,0.0,0.0,129781391409.2392,94439192310.42108,72225.6,72225.6,0.0,0.0,0.0,0.0,0.0,1447850.743815238,20149.25618476211,178085.64148927425,106400.0,0.0,0.0,0.0,0.0,0.0,129781391409.2392,233792696082.94812,387568264.72173727,2000000
208,Pindorama,167969586.7185666,0.0,0.0,129781391409.2392,94439192310.42108,36112.8,36112.8,0.0,0.0,0.0,0.0,0.0,723925.371907619,10074.628092381055,89042.82074463711,53200.0,0.0,0.0,0.0,0.0,0.0,129781391409.2392,233792696082.94812,193784132.3608685,1000000
209,Pinheiro,167969586.7185666,0.0,0.0,129781391409.2392,94439192310.42108,36112.8,36112.8,0.0,0.0,0.0,0.0,0.0,723925.371907619,10074.628092381055,89042.82074463711,53200.0,0.0,0.0,0.0,0.0,0.0,129781391409.2392,233792696082.94812,193784132.3608685,1000000
210,Pioneiros,335939173.4371332,0.0,0.0,129781391409.2392,94439192310.42108,72225.6,72225.6,0.0,0.0,0.0,0.0,0.0,1447850.743815238,20149.25618476211,178085.64148927425,106400.0,0.0,0.0,0.0,0.0,0.0,129781391409.2392,233792696082.94812,387568264.72173727,2000000
211,Pitangueiras,503908760.15569973,0.0,0.0,129781391409.2392,94439192310.42108,108338.4,108338.4,0.0,0.0,0.0,0.0,0.0,2171776.1157228565,30223.884277143516,267128.4622339113,159600.0,0.0,0.0,0.0,0.0,0.0,129781391409.2392,233792696082.94812,581352397.0826056,3000000
212,Porto Alegre,167969586.7185666,0.0,0.0,129781391409.2392,94439192310.42108,36112.8,36112.8,0.0,0.0,0.0,0.0,0.0,723925.371907619,10074.628092381055,89042.82074463711,53200.0,0.0,0.0,0.0,0.0,0.0,129781391409.2392,233792696082.94812,193784132.3608685,1000000
213,Porto das Águas & Associados,894846898.0,0.0,0.0,129781391409.2392,94439192310.42108,496551.0,496551.0,0.0,0.0,0.0,0.0,0.0,0.0,4037000.0,0.0,292600.0,0.0,0.0,0.0,0.0,0.0,129781391409.2392,233792696082.94812,334526654.8800001,5500000
214,Porto Rico,335939173.4371332,0.0,0.0,129781391409.2392,94439192310.42108,72225.6,72225.6,0.0,0.0,0.0,0.0,0.0,1447850.743815238,20149.25618476211,178085.64148927425,106400.0,0.0,0.0,0.0,0.0,0.0,129781391409.2392,233792696082.94812,387568264.72173727,2000000
215,Pyles,162699436.0,0.0,0.0,129781391409.2392,94439192310.42108,90282.0,90282.0,0.0,0.0,0.0,0.0,0.0,0.0,734000.0,0.0,53200.0,0.0,0.0,0.0,0.0,0.0,129781391409.2392,233792696082.94812,60823028.16,1000000
216,Quatá,503908760.15569973,0.0,0.0,129781391409.2392,94439192310.42108,108338.4,108338.4,0.0,0.0,0.0,0.0,0.0,2171776.1157228565,30223.884277143516,267128.4622339113,159600.0,0.0,0.0,0.0,0.0,0.0,129781391409.2392,233792696082.94812,581352397.0826056,3000000
217,RAIZEN - Barra,923832726.9521163,0.0,0.0,129781391409.2392,94439192310.42108,198620.4,198620.4,0.0,0.0,0.0,0.0,0.0,3981589.545491904,55410.45450809598,489735.5140955042,292600.0,0.0,0.0,0.0,0.0,0.0,129781391409.2392,233792696082.94812,1065812727.9847772,5500000
218,RAIZEN - Benálcool,167969586.7185666,0.0,0.0,129781391409.2392,94439192310.42108,36112.8,36112.8,0.0,0.0,0.0,0.0,0.0,723925.371907619,10074.628092381055,89042.82074463711,53200.0,0.0,0.0,0.0,0.0,0.0,129781391409.2392,233792696082.94812,193784132.3608685,1000000
219,RAIZEN - Bom Retiro,335939173.4371332,0.0,1691279.4013591954,129781391409.2392,94439192310.42108,72225.6,0.0,0.0,0.0,0.0,0.0,72225.6,1447850.743815238,20149.25618476211,178085.64148927425,106400.0,0.0,0.0,0.0,0.0,0.0,129781391409.2392,233792696082.94812,385876985.32037807,2000000
220,RAIZEN - Bonfim,839847933.592833,0.0,0.0,129781391409.2392,94439192310.42108,180564.0,180564.0,0.0,0.0,0.0,0.0,0.0,3619626.8595380946,50373.140461905394,445214.1037231856,266000.0,0.0,0.0,0.0,0.0,0.0,129781391409.2392,233792696082.94812,968920661.8043427,5000000
221,RAIZEN - Caarapó S/A Açúcar e álcool,839847933.592833,0.0,0.0,129781391409.2392,94439192310.42108,180564.0,180564.0,0.0,0.0,0.0,0.0,0.0,3619626.8595380946,50373.140461905394,445214.1037231856,266000.0,0.0,0.0,0.0,0.0,0.0,129781391409.2392,233792696082.94812,968920661.8043427,5000000
222,RAIZEN - Costa Pinto,813497180.0,0.0,12070242.02702044,129781391409.2392,94439192310.42108,451410.0,0.0,0.0,0.0,0.0,0.0,451410.0,0.0,3670000.0,0.0,266000.0,0.0,0.0,0.0,0.0,0.0,129781391409.2392,233792696082.94812,292044898.77297974,5000000
223,RAIZEN - Destivale,335939173.4371332,0.0,0.0,129781391409.2392,94439192310.42108,72225.6,72225.6,0.0,0.0,0.0,0.0,0.0,1447850.743815238,20149.25618476211,178085.64148927425,106400.0,0.0,0.0,0.0,0.0,0.0,129781391409.2392,233792696082.94812,387568264.72173727,2000000
224,RAIZEN - Diamante,335939173.4371332,0.0,0.0,129781391409.2392,94439192310.42108,72225.6,72225.6,0.0,0.0,0.0,0.0,0.0,1447850.743815238,20149.25618476211,178085.64148927425,106400.0,0.0,0.0,0.0,0.0,0.0,129781391409.2392,233792696082.94812,387568264.72173727,2000000
225,RAIZEN - Gasa,671878346.8742664,0.0,0.0,129781391409.2392,94439192310.42108,144451.2,144451.2,0.0,0.0,0.0,0.0,0.0,2895701.487630476,40298.51236952422,356171.2829785485,212800.0,0.0,0.0,0.0,0.0,0.0,129781391409.2392,233792696082.94812,775136529.4434745,4000000
226,RAIZEN - Ibaté,335939173.4371332,0.0,2656266.5763979834,129781391409.2392,94439192310.42108,72225.6,0.0,0.0,0.0,0.0,0.0,72225.6,1447850.743815238,20149.25618476211,178085.64148927425,106400.0,0.0,0.0,0.0,0.0,0.0,129781391409.2392,233792696082.94812,384911998.1453393,2000000
227,RAIZEN - Ipaussu,503908760.15569973,0.0,6696905.732257339,129781391409.2392,94439192310.42108,108338.4,0.0,0.0,0.0,0.0,0.0,108338.4,2171776.1157228565,30223.884277143516,267128.4622339113,159600.0,0.0,0.0,0.0,0.0,0.0,129781391409.2392,233792696082.94812,574655491.3503482,3000000
228,RAIZEN - Jataí,650797744.0,0.0,0.0,129781391409.2392,94439192310.42108,361128.0,361128.0,0.0,0.0,0.0,0.0,0.0,0.0,2936000.0,0.0,212800.0,0.0,0.0,0.0,0.0,0.0,129781391409.2392,233792696082.94812,243292112.64,4000000
229,RAIZEN - Junqueira,503908760.15569973,0.0,0.0,129781391409.2392,94439192310.42108,108338.4,108338.4,0.0,0.0,0.0,0.0,0.0,2171776.1157228565,30223.884277143516,267128.4622339113,159600.0,0.0,0.0,0.0,0.0,0.0,129781391409.2392,233792696082.94812,581352397.0826056,3000000
230,RAIZEN - Maracaí,671878346.8742664,0.0,0.0,129781391409.2392,94439192310.42108,144451.2,144451.2,0.0,0.0,0.0,0.0,0.0,2895701.487630476,40298.51236952422,356171.2829785485,212800.0,0.0,0.0,0.0,0.0,0.0,129781391409.2392,233792696082.94812,775136529.4434745,4000000
231,RAIZEN - Mundial,335939173.4371332,0.0,0.0,129781391409.2392,94439192310.42108,72225.6,72225.6,0.0,0.0,0.0,0.0,0.0,1447850.743815238,20149.25618476211,178085.64148927425,106400.0,0.0,0.0,0.0,0.0,0.0,129781391409.2392,233792696082.94812,387568264.72173727,2000000
232,RAIZEN - Paraguaçú,503908760.15569973,0.0,0.0,129781391409.2392,94439192310.42108,108338.4,108338.4,0.0,0.0,0.0,0.0,0.0,2171776.1157228565,30223.884277143516,267128.4622339113,159600.0,0.0,0.0,0.0,0.0,0.0,129781391409.2392,233792696082.94812,581352397.0826056,3000000
233,RAIZEN - Rafard,503908760.15569973,0.0,4989030.159281008,129781391409.2392,94439192310.42108,108338.4,0.0,0.0,0.0,0.0,0.0,108338.4,2171776.1157228565,30223.884277143516,267128.4622339113,159600.0,0.0,0.0,0.0,0.0,0.0,129781391409.2392,233792696082.94812,576363366.9233246,3000000
234,RAIZEN - Santa Helena,335939173.4371332,0.0,1901345.685606245,129781391409.2392,94439192310.42108,72225.6,0.0,0.0,0.0,0.0,0.0,72225.6,1447850.743815238,20149.25618476211,178085.64148927425,106400.0,0.0,0.0,0.0,0.0,0.0,129781391409.2392,233792696082.94812,385666919.036131,2000000
235,RAIZEN - TARUMÃ,839847933.592833,0.0,0.0,129781391409.2392,94439192310.42108,180564.0,180564.0,0.0,0.0,0.0,0.0,0.0,3619626.8595380946,50373.140461905394,445214.1037231856,266000.0,0.0,0.0,0.0,0.0,0.0,129781391409.2392,233792696082.94812,968920661.8043427,5000000
236,RAIZEN - Univalem,503908760.15569973,0.0,0.0,129781391409.2392,94439192310.42108,108338.4,108338.4,0.0,0.0,0.0,0.0,0.0,2171776.1157228565,30223.884277143516,267128.4622339113,159600.0,0.0,0.0,0.0,0.0,0.0,129781391409.2392,233792696082.94812,581352397.0826056,3000000
237,Raizen Energia - Paraíso,503908760.15569973,0.0,3784073.4819629462,129781391409.2392,94439192310.42108,108338.4,0.0,0.0,0.0,0.0,0.0,108338.4,2171776.1157228565,30223.884277143516,267128.4622339113,159600.0,0.0,0.0,0.0,0.0,0.0,129781391409.2392,233792696082.94812,577568323.6006427,3000000
238,Raizen Energia ¿ Santa Candida,503908760.15569973,0.0,0.0,129781391409.2392,94439192310.42108,108338.4,108338.4,0.0,0.0,0.0,0.0,0.0,2171776.1157228565,30223.884277143516,267128.4622339113,159600.0,0.0,0.0,0.0,0.0,0.0,129781391409.2392,233792696082.94812,581352397.0826056,3000000
239,Renuka - São Pedro do Ivaí,488098308.0,0.0,0.0,129781391409.2392,94439192310.42108,270846.0,270846.0,0.0,0.0,0.0,0.0,0.0,0.0,2202000.0,0.0,159600.0,0.0,0.0,0.0,0.0,0.0,129781391409.2392,233792696082.94812,182469084.48000002,3000000
240,Renuka - Unidade Marialva,167969586.7185666,0.0,0.0,129781391409.2392,94439192310.42108,36112.8,36112.8,0.0,0.0,0.0,0.0,0.0,723925.371907619,10074.628092381055,89042.82074463711,53200.0,0.0,0.0,0.0,0.0,0.0,129781391409.2392,233792696082.94812,193784132.3608685,1000000
241,Ribeirão,162699436.0,0.0,0.0,129781391409.2392,94439192310.42108,90282.0,90282.0,0.0,0.0,0.0,0.0,0.0,0.0,734000.0,0.0,53200.0,0.0,0.0,0.0,0.0,0.0,129781391409.2392,233792696082.94812,60823028.16,1000000
242,Rio Amambai,503908760.15569973,0.0,0.0,129781391409.2392,94439192310.42108,108338.4,108338.4,0.0,0.0,0.0,0.0,0.0,2171776.1157228565,30223.884277143516,267128.4622339113,159600.0,0.0,0.0,0.0,0.0,0.0,129781391409.2392,233792696082.94812,581352397.0826056,3000000
243,Rio Claro de Goias,162699436.0,0.0,0.0,129781391409.2392,94439192310.42108,90282.0,90282.0,0.0,0.0,0.0,0.0,0.0,0.0,734000.0,0.0,53200.0,0.0,0.0,0.0,0.0,0.0,129781391409.2392,233792696082.94812,60823028.16,1000000
244,Rio do Cachimbo,162699436.0,0.0,0.0,129781391409.2392,94439192310.42108,90282.0,90282.0,0.0,0.0,0.0,0.0,0.0,0.0,734000.0,0.0,53200.0,0.0,0.0,0.0,0.0,0.0,129781391409.2392,233792696082.94812,60823028.16,1000000
245,Rio Pardo,325398872.0,0.0,0.0,129781391409.2392,94439192310.42108,180564.0,180564.0,0.0,0.0,0.0,0.0,0.0,0.0,1468000.0,0.0,106400.0,0.0,0.0,0.0,0.0,0.0,129781391409.2392,233792696082.94812,121646056.32,2000000
246,Rio Vermelho,503908760.15569973,0.0,0.0,129781391409.2392,94439192310.42108,108338.4,108338.4,0.0,0.0,0.0,0.0,0.0,2171776.1157228565,30223.884277143516,267128.4622339113,159600.0,0.0,0.0,0.0,0.0,0.0,129781391409.2392,233792696082.94812,581352397.0826056,3000000
247,Rosa S/A,162699436.0,0.0,4264430.808813094,129781391409.2392,94439192310.42108,90282.0,0.0,0.0,0.0,0.0,0.0,90282.0,0.0,734000.0,0.0,53200.0,0.0,0.0,0.0,0.0,0.0,129781391409.2392,233792696082.94812,56558597.3511869,1000000
248,Santa Adélia,503908760.15569973,0.0,0.0,129781391409.2392,94439192310.42108,108338.4,108338.4,0.0,0.0,0.0,0.0,0.0,2171776.1157228565,30223.884277143516,267128.4622339113,159600.0,0.0,0.0,0.0,0.0,0.0,129781391409.2392,233792696082.94812,581352397.0826056,3000000
249,Santa Albertina,335939173.4371332,0.0,0.0,129781391409.2392,94439192310.42108,72225.6,72225.6,0.0,0.0,0.0,0.0,0.0,1447850.743815238,20149.25618476211,178085.64148927425,106400.0,0.0,0.0,0.0,0.0,0.0,129781391409.2392,233792696082.94812,387568264.72173727,2000000
250,Santa Clotilde,167969586.7185666,0.0,0.0,129781391409.2392,94439192310.42108,36112.8,36112.8,0.0,0.0,0.0,0.0,0.0,723925.371907619,10074.628092381055,89042.82074463711,53200.0,0.0,0.0,0.0,0.0,0.0,129781391409.2392,233792696082.94812,193784132.3608685,1000000
251,Santa Cruz - BA,162699436.0,0.0,0.0,129781391409.2392,94439192310.42108,90282.0,90282.0,0.0,0.0,0.0,0.0,0.0,0.0,734000.0,0.0,53200.0,0.0,0.0,0.0,0.0,0.0,129781391409.2392,233792696082.94812,60823028.16,1000000
252,Santa Cruz - SP,839847933.592833,0.0,0.0,129781391409.2392,94439192310.42108,180564.0,180564.0,0.0,0.0,0.0,0.0,0.0,3619626.8595380946,50373.140461905394,445214.1037231856,266000.0,0.0,0.0,0.0,0.0,0.0,129781391409.2392,233792696082.94812,968920661.8043427,5000000
253,Santa Fé,503908760.15569973,0.0,0.0,129781391409.2392,94439192310.42108,108338.4,108338.4,0.0,0.0,0.0,0.0,0.0,2171776.1157228565,30223.884277143516,267128.4622339113,159600.0,0.0,0.0,0.0,0.0,0.0,129781391409.2392,233792696082.94812,581352397.0826056,3000000
254,Santa Helena - Goias,488098308.0,0.0,0.0,129781391409.2392,94439192310.42108,270846.0,270846.0,0.0,0.0,0.0,0.0,0.0,0.0,2202000.0,0.0,159600.0,0.0,0.0,0.0,0.0,0.0,129781391409.2392,233792696082.94812,182469084.48000002,3000000
255,Santa Helena - Nova Andradina,488098308.0,0.0,0.0,129781391409.2392,94439192310.42108,270846.0,270846.0,0.0,0.0,0.0,0.0,0.0,0.0,2202000.0,0.0,159600.0,0.0,0.0,0.0,0.0,0.0,129781391409.2392,233792696082.94812,182469084.48000002,3000000
256,Santa Inês,162699436.0,0.0,0.0,129781391409.2392,94439192310.42108,90282.0,90282.0,0.0,0.0,0.0,0.0,0.0,0.0,734000.0,0.0,53200.0,0.0,0.0,0.0,0.0,0.0,129781391409.2392,233792696082.94812,60823028.16,1000000
257,Santa Isabel,671878346.8742664,0.0,0.0,129781391409.2392,94439192310.42108,144451.2,144451.2,0.0,0.0,0.0,0.0,0.0,2895701.487630476,40298.51236952422,356171.2829785485,212800.0,0.0,0.0,0.0,0.0,0.0,129781391409.2392,233792696082.94812,775136529.4434745,4000000
258,Santa Juliana,671878346.8742664,0.0,0.0,129781391409.2392,94439192310.42108,144451.2,144451.2,0.0,0.0,0.0,0.0,0.0,2895701.487630476,40298.51236952422,356171.2829785485,212800.0,0.0,0.0,0.0,0.0,0.0,129781391409.2392,233792696082.94812,775136529.4434745,4000000
259,Santa Lúcia,167969586.7185666,0.0,938868.2745831502,129781391409.2392,94439192310.42108,36112.8,0.0,0.0,0.0,0.0,0.0,36112.8,723925.371907619,10074.628092381055,89042.82074463711,53200.0,0.0,0.0,0.0,0.0,0.0,129781391409.2392,233792696082.94812,192845264.08628535,1000000
260,Santa Luzia,894846898.0,0.0,0.0,129781391409.2392,94439192310.42108,496551.0,496551.0,0.0,0.0,0.0,0.0,0.0,0.0,4037000.0,0.0,292600.0,0.0,0.0,0.0,0.0,0.0,129781391409.2392,233792696082.94812,334526654.8800001,5500000
261,Santa Maria - Porto Calvo,167969586.7185666,0.0,0.0,129781391409.2392,94439192310.42108,36112.8,36112.8,0.0,0.0,0.0,0.0,0.0,723925.371907619,10074.628092381055,89042.82074463711,53200.0,0.0,0.0,0.0,0.0,0.0,129781391409.2392,233792696082.94812,193784132.3608685,1000000
262,Santa Maria - Medeiros Neto,162699436.0,0.0,0.0,129781391409.2392,94439192310.42108,90282.0,90282.0,0.0,0.0,0.0,0.0,0.0,0.0,734000.0,0.0,53200.0,0.0,0.0,0.0,0.0,0.0,129781391409.2392,233792696082.94812,60823028.16,1000000
263,Santa Maria - Cerquilho,335939173.4371332,0.0,3611168.110067594,129781391409.2392,94439192310.42108,72225.6,0.0,0.0,0.0,0.0,0.0,72225.6,1447850.743815238,20149.25618476211,178085.64148927425,106400.0,0.0,0.0,0.0,0.0,0.0,129781391409.2392,233792696082.94812,383957096.61166966,2000000
264,Santa Maria - Manduri,162699436.0,0.0,0.0,129781391409.2392,94439192310.42108,90282.0,90282.0,0.0,0.0,0.0,0.0,0.0,0.0,734000.0,0.0,53200.0,0.0,0.0,0.0,0.0,0.0,129781391409.2392,233792696082.94812,60823028.16,1000000
265,Santa Rita,503908760.15569973,0.0,6236239.044604713,129781391409.2392,94439192310.42108,108338.4,0.0,0.0,0.0,0.0,0.0,108338.4,2171776.1157228565,30223.884277143516,267128.4622339113,159600.0,0.0,0.0,0.0,0.0,0.0,129781391409.2392,233792696082.94812,575116158.0380008,3000000
266,Santa Terezinha - Un. Cidade Gaúcha,335939173.4371332,0.0,0.0,129781391409.2392,94439192310.42108,72225.6,72225.6,0.0,0.0,0.0,0.0,0.0,1447850.743815238,20149.25618476211,178085.64148927425,106400.0,0.0,0.0,0.0,0.0,0.0,129781391409.2392,233792696082.94812,387568264.72173727,2000000
267,Santa Terezinha - Un. Ivaté,335939173.4371332,0.0,0.0,129781391409.2392,94439192310.42108,72225.6,72225.6,0.0,0.0,0.0,0.0,0.0,1447850.743815238,20149.25618476211,178085.64148927425,106400.0,0.0,0.0,0.0,0.0,0.0,129781391409.2392,233792696082.94812,387568264.72173727,2000000
268,Santa Terezinha - Un. Maringá,335939173.4371332,0.0,0.0,129781391409.2392,94439192310.42108,72225.6,72225.6,0.0,0.0,0.0,0.0,0.0,1447850.743815238,20149.25618476211,178085.64148927425,106400.0,0.0,0.0,0.0,0.0,0.0,129781391409.2392,233792696082.94812,387568264.72173727,2000000
269,Santa Terezinha - Un. Paranacity,503908760.15569973,0.0,0.0,129781391409.2392,94439192310.42108,108338.4,108338.4,0.0,0.0,0.0,0.0,0.0,2171776.1157228565,30223.884277143516,267128.4622339113,159600.0,0.0,0.0,0.0,0.0,0.0,129781391409.2392,233792696082.94812,581352397.0826056,3000000
270,Santa Terezinha - Un. Rondon,335939173.4371332,0.0,0.0,129781391409.2392,94439192310.42108,72225.6,72225.6,0.0,0.0,0.0,0.0,0.0,1447850.743815238,20149.25618476211,178085.64148927425,106400.0,0.0,0.0,0.0,0.0,0.0,129781391409.2392,233792696082.94812,387568264.72173727,2000000
271,Santa Terezinha - Un. São Tomé,162699436.0,0.0,0.0,129781391409.2392,94439192310.42108,90282.0,90282.0,0.0,0.0,0.0,0.0,0.0,0.0,734000.0,0.0,53200.0,0.0,0.0,0.0,0.0,0.0,129781391409.2392,233792696082.94812,60823028.16,1000000
272,Santa Terezinha - Un. Tapejara,671878346.8742664,0.0,0.0,129781391409.2392,94439192310.42108,144451.2,144451.2,0.0,0.0,0.0,0.0,0.0,2895701.487630476,40298.51236952422,356171.2829785485,212800.0,0.0,0.0,0.0,0.0,0.0,129781391409.2392,233792696082.94812,775136529.4434745,4000000
273,Santa Terezinha - Un. Terra Rica,335939173.4371332,0.0,0.0,129781391409.2392,94439192310.42108,72225.6,72225.6,0.0,0.0,0.0,0.0,0.0,1447850.743815238,20149.25618476211,178085.64148927425,106400.0,0.0,0.0,0.0,0.0,0.0,129781391409.2392,233792696082.94812,387568264.72173727,2000000
274,Santa Vitória,488098308.0,0.0,0.0,129781391409.2392,94439192310.42108,270846.0,270846.0,0.0,0.0,0.0,0.0,0.0,0.0,2202000.0,0.0,159600.0,0.0,0.0,0.0,0.0,0.0,129781391409.2392,233792696082.94812,182469084.48000002,3000000
275,Santo Angelo,503908760.15569973,0.0,0.0,129781391409.2392,94439192310.42108,108338.4,108338.4,0.0,0.0,0.0,0.0,0.0,2171776.1157228565,30223.884277143516,267128.4622339113,159600.0,0.0,0.0,0.0,0.0,0.0,129781391409.2392,233792696082.94812,581352397.0826056,3000000
276,Santo Antonio,488098308.0,0.0,0.0,129781391409.2392,94439192310.42108,270846.0,270846.0,0.0,0.0,0.0,0.0,0.0,0.0,2202000.0,0.0,159600.0,0.0,0.0,0.0,0.0,0.0,129781391409.2392,233792696082.94812,182469084.48000002,3000000
277,Santo Antônio,335939173.4371332,0.0,0.0,129781391409.2392,94439192310.42108,72225.6,72225.6,0.0,0.0,0.0,0.0,0.0,1447850.743815238,20149.25618476211,178085.64148927425,106400.0,0.0,0.0,0.0,0.0,0.0,129781391409.2392,233792696082.94812,387568264.72173727,2000000
278,Santo Antonio - AB,503908760.15569973,0.0,0.0,129781391409.2392,94439192310.42108,108338.4,108338.4,0.0,0.0,0.0,0.0,0.0,2171776.1157228565,30223.884277143516,267128.4622339113,159600.0,0.0,0.0,0.0,0.0,0.0,129781391409.2392,233792696082.94812,581352397.0826056,3000000
279,São Carlos/Coopcana,839847933.592833,0.0,0.0,129781391409.2392,94439192310.42108,180564.0,180564.0,0.0,0.0,0.0,0.0,0.0,3619626.8595380946,50373.140461905394,445214.1037231856,266000.0,0.0,0.0,0.0,0.0,0.0,129781391409.2392,233792696082.94812,968920661.8043427,5000000
280,São Domingos,503908760.15569973,0.0,0.0,129781391409.2392,94439192310.42108,108338.4,108338.4,0.0,0.0,0.0,0.0,0.0,2171776.1157228565,30223.884277143516,267128.4622339113,159600.0,0.0,0.0,0.0,0.0,0.0,129781391409.2392,233792696082.94812,581352397.0826056,3000000
281,São Fernando,923832726.9521163,0.0,0.0,129781391409.2392,94439192310.42108,198620.4,198620.4,0.0,0.0,0.0,0.0,0.0,3981589.545491904,55410.45450809598,489735.5140955042,292600.0,0.0,0.0,0.0,0.0,0.0,129781391409.2392,233792696082.94812,1065812727.9847772,5500000
282,São Francisco (Barrinha),325398872.0,0.0,0.0,129781391409.2392,94439192310.42108,180564.0,180564.0,0.0,0.0,0.0,0.0,0.0,0.0,1468000.0,0.0,106400.0,0.0,0.0,0.0,0.0,0.0,129781391409.2392,233792696082.94812,121646056.32,2000000
283,São João,167969586.7185666,0.0,2202839.8463418866,129781391409.2392,94439192310.42108,36112.8,0.0,0.0,0.0,0.0,0.0,36112.8,723925.371907619,10074.628092381055,89042.82074463711,53200.0,0.0,0.0,0.0,0.0,0.0,129781391409.2392,233792696082.94812,191581292.51452664,1000000
284,São João de Araras,671878346.8742664,0.0,3496068.6549424957,129781391409.2392,94439192310.42108,144451.2,0.0,0.0,0.0,0.0,0.0,144451.2,2895701.487630476,40298.51236952422,356171.2829785485,212800.0,0.0,0.0,0.0,0.0,0.0,129781391409.2392,233792696082.94812,771640460.788532,4000000
285,São Joaquim,162699436.0,0.0,0.0,129781391409.2392,94439192310.42108,90282.0,90282.0,0.0,0.0,0.0,0.0,0.0,0.0,734000.0,0.0,53200.0,0.0,0.0,0.0,0.0,0.0,129781391409.2392,233792696082.94812,60823028.16,1000000
286,São José,167969586.7185666,0.0,0.0,129781391409.2392,94439192310.42108,36112.8,36112.8,0.0,0.0,0.0,0.0,0.0,723925.371907619,10074.628092381055,89042.82074463711,53200.0,0.0,0.0,0.0,0.0,0.0,129781391409.2392,233792696082.94812,193784132.3608685,1000000
287,São José Cia Energ.,671878346.8742664,0.0,0.0,129781391409.2392,94439192310.42108,144451.2,144451.2,0.0,0.0,0.0,0.0,0.0,2895701.487630476,40298.51236952422,356171.2829785485,212800.0,0.0,0.0,0.0,0.0,0.0,129781391409.2392,233792696082.94812,775136529.4434745,4000000
288,São José da Estiva,503908760.15569973,0.0,0.0,129781391409.2392,94439192310.42108,108338.4,108338.4,0.0,0.0,0.0,0.0,0.0,2171776.1157228565,30223.884277143516,267128.4622339113,159600.0,0.0,0.0,0.0,0.0,0.0,129781391409.2392,233792696082.94812,581352397.0826056,3000000
289,São José ZL,671878346.8742664,0.0,0.0,129781391409.2392,94439192310.42108,144451.2,144451.2,0.0,0.0,0.0,0.0,0.0,2895701.487630476,40298.51236952422,356171.2829785485,212800.0,0.0,0.0,0.0,0.0,0.0,129781391409.2392,233792696082.94812,775136529.4434745,4000000
290,São Judas Tadeu,325398872.0,0.0,0.0,129781391409.2392,94439192310.42108,180564.0,180564.0,0.0,0.0,0.0,0.0,0.0,0.0,1468000.0,0.0,106400.0,0.0,0.0,0.0,0.0,0.0,129781391409.2392,233792696082.94812,121646056.32,2000000
291,São Luiz - Ourinhos,503908760.15569973,0.0,0.0,129781391409.2392,94439192310.42108,108338.4,108338.4,0.0,0.0,0.0,0.0,0.0,2171776.1157228565,30223.884277143516,267128.4622339113,159600.0,0.0,0.0,0.0,0.0,0.0,129781391409.2392,233792696082.94812,581352397.0826056,3000000
292,São Manoel,671878346.8742664,0.0,5882665.213834332,129781391409.2392,94439192310.42108,144451.2,0.0,0.0,0.0,0.0,0.0,144451.2,2895701.487630476,40298.51236952422,356171.2829785485,212800.0,0.0,0.0,0.0,0.0,0.0,129781391409.2392,233792696082.94812,769253864.2296402,4000000
293,São Martinho,923832726.9521163,0.0,0.0,129781391409.2392,94439192310.42108,198620.4,198620.4,0.0,0.0,0.0,0.0,0.0,3981589.545491904,55410.45450809598,489735.5140955042,292600.0,0.0,0.0,0.0,0.0,0.0,129781391409.2392,233792696082.94812,1065812727.9847772,5500000
294,São Simão,335939173.4371332,0.0,0.0,129781391409.2392,94439192310.42108,72225.6,72225.6,0.0,0.0,0.0,0.0,0.0,1447850.743815238,20149.25618476211,178085.64148927425,106400.0,0.0,0.0,0.0,0.0,0.0,129781391409.2392,233792696082.94812,387568264.72173727,2000000
295,Seresta,335939173.4371332,0.0,0.0,129781391409.2392,94439192310.42108,72225.6,72225.6,0.0,0.0,0.0,0.0,0.0,1447850.743815238,20149.25618476211,178085.64148927425,106400.0,0.0,0.0,0.0,0.0,0.0,129781391409.2392,233792696082.94812,387568264.72173727,2000000
296,Serra Grande,167969586.7185666,0.0,0.0,129781391409.2392,94439192310.42108,36112.8,36112.8,0.0,0.0,0.0,0.0,0.0,723925.371907619,10074.628092381055,89042.82074463711,53200.0,0.0,0.0,0.0,0.0,0.0,129781391409.2392,233792696082.94812,193784132.3608685,1000000
297,Sinimbu,335939173.4371332,0.0,0.0,129781391409.2392,94439192310.42108,72225.6,72225.6,0.0,0.0,0.0,0.0,0.0,1447850.743815238,20149.25618476211,178085.64148927425,106400.0,0.0,0.0,0.0,0.0,0.0,129781391409.2392,233792696082.94812,387568264.72173727,2000000
298,SJC Bioenergia,488098308.0,0.0,0.0,129781391409.2392,94439192310.42108,270846.0,270846.0,0.0,0.0,0.0,0.0,0.0,0.0,2202000.0,0.0,159600.0,0.0,0.0,0.0,0.0,0.0,129781391409.2392,233792696082.94812,182469084.48000002,3000000
299,Sonora Estância,335939173.4371332,0.0,0.0,129781391409.2392,94439192310.42108,72225.6,72225.6,0.0,0.0,0.0,0.0,0.0,1447850.743815238,20149.25618476211,178085.64148927425,106400.0,0.0,0.0,0.0,0.0,0.0,129781391409.2392,233792696082.94812,387568264.72173727,2000000
300,Sumaúma,167969586.7185666,0.0,0.0,129781391409.2392,94439192310.42108,36112.8,36112.8,0.0,0.0,0.0,0.0,0.0,723925.371907619,10074.628092381055,89042.82074463711,53200.0,0.0,0.0,0.0,0.0,0.0,129781391409.2392,233792696082.94812,193784132.3608685,1000000
301,Tabu,162699436.0,0.0,0.0,129781391409.2392,94439192310.42108,90282.0,90282.0,0.0,0.0,0.0,0.0,0.0,0.0,734000.0,0.0,53200.0,0.0,0.0,0.0,0.0,0.0,129781391409.2392,233792696082.94812,60823028.16,1000000
302,Taquari,162699436.0,0.0,0.0,129781391409.2392,94439192310.42108,90282.0,90282.0,0.0,0.0,0.0,0.0,0.0,0.0,734000.0,0.0,53200.0,0.0,0.0,0.0,0.0,0.0,129781391409.2392,233792696082.94812,60823028.16,1000000
303,TG,162699436.0,0.0,0.0,129781391409.2392,94439192310.42108,90282.0,90282.0,0.0,0.0,0.0,0.0,0.0,0.0,734000.0,0.0,53200.0,0.0,0.0,0.0,0.0,0.0,129781391409.2392,233792696082.94812,60823028.16,1000000
304,TGM Destilaria,162699436.0,0.0,5597454.629245943,129781391409.2392,94439192310.42108,90282.0,0.0,0.0,0.0,0.0,0.0,90282.0,0.0,734000.0,0.0,53200.0,0.0,0.0,0.0,0.0,0.0,129781391409.2392,233792696082.94812,55225573.53075406,1000000
305,Trapiche,335939173.4371332,0.0,0.0,129781391409.2392,94439192310.42108,72225.6,72225.6,0.0,0.0,0.0,0.0,0.0,1447850.743815238,20149.25618476211,178085.64148927425,106400.0,0.0,0.0,0.0,0.0,0.0,129781391409.2392,233792696082.94812,387568264.72173727,2000000
306,Tropical,839847933.592833,0.0,0.0,129781391409.2392,94439192310.42108,180564.0,180564.0,0.0,0.0,0.0,0.0,0.0,3619626.8595380946,50373.140461905394,445214.1037231856,266000.0,0.0,0.0,0.0,0.0,0.0,129781391409.2392,233792696082.94812,968920661.8043427,5000000
307,Uberaba,325398872.0,0.0,0.0,129781391409.2392,94439192310.42108,180564.0,180564.0,0.0,0.0,0.0,0.0,0.0,0.0,1468000.0,0.0,106400.0,0.0,0.0,0.0,0.0,0.0,129781391409.2392,233792696082.94812,121646056.32,2000000
308,UMOE Bioenergy,488098308.0,0.0,0.0,129781391409.2392,94439192310.42108,270846.0,270846.0,0.0,0.0,0.0,0.0,0.0,0.0,2202000.0,0.0,159600.0,0.0,0.0,0.0,0.0,0.0,129781391409.2392,233792696082.94812,182469084.48000002,3000000
309,Una Açúcar,167969586.7185666,0.0,0.0,129781391409.2392,94439192310.42108,36112.8,36112.8,0.0,0.0,0.0,0.0,0.0,723925.371907619,10074.628092381055,89042.82074463711,53200.0,0.0,0.0,0.0,0.0,0.0,129781391409.2392,233792696082.94812,193784132.3608685,1000000
310,Unialco,503908760.15569973,0.0,0.0,129781391409.2392,94439192310.42108,108338.4,108338.4,0.0,0.0,0.0,0.0,0.0,2171776.1157228565,30223.884277143516,267128.4622339113,159600.0,0.0,0.0,0.0,0.0,0.0,129781391409.2392,233792696082.94812,581352397.0826056,3000000
311,União e Indústria,167969586.7185666,0.0,0.0,129781391409.2392,94439192310.42108,36112.8,36112.8,0.0,0.0,0.0,0.0,0.0,723925.371907619,10074.628092381055,89042.82074463711,53200.0,0.0,0.0,0.0,0.0,0.0,129781391409.2392,233792696082.94812,193784132.3608685,1000000
312,Unidade Tietê,335939173.4371332,0.0,0.0,129781391409.2392,94439192310.42108,72225.6,72225.6,0.0,0.0,0.0,0.0,0.0,1447850.743815238,20149.25618476211,178085.64148927425,106400.0,0.0,0.0,0.0,0.0,0.0,129781391409.2392,233792696082.94812,387568264.72173727,2000000
313,Uruaçu,162699436.0,0.0,0.0,129781391409.2392,94439192310.42108,90282.0,90282.0,0.0,0.0,0.0,0.0,0.0,0.0,734000.0,0.0,53200.0,0.0,0.0,0.0,0.0,0.0,129781391409.2392,233792696082.94812,60823028.16,1000000
314,Usina Madhu(Equipav),894846898.0,0.0,0.0,129781391409.2392,94439192310.42108,496551.0,496551.0,0.0,0.0,0.0,0.0,0.0,0.0,4037000.0,0.0,292600.0,0.0,0.0,0.0,0.0,0.0,129781391409.2392,233792696082.94812,334526654.8800001,5500000
315,Usina Santa Isabel S/A - Fartura,503908760.15569973,0.0,0.0,129781391409.2392,94439192310.42108,108338.4,108338.4,0.0,0.0,0.0,0.0,0.0,2171776.1157228565,30223.884277143516,267128.4622339113,159600.0,0.0,0.0,0.0,0.0,0.0,129781391409.2392,233792696082.94812,581352397.0826056,3000000
316,Usina Zanin,503908760.15569973,0.0,2622243.276522828,129781391409.2392,94439192310.42108,108338.4,44153.726829268155,0.0,0.0,0.0,0.0,64184.67317073187,2171776.1157228565,30223.884277143516,267128.4622339113,159600.0,0.0,0.0,0.0,0.0,0.0,129781391409.2392,233792696082.94812,578730153.806083,3000000
317,UTE - Iolando Leite,162699436.0,0.0,0.0,129781391409.2392,94439192310.42108,90282.0,90282.0,0.0,0.0,0.0,0.0,0.0,0.0,734000.0,0.0,53200.0,0.0,0.0,0.0,0.0,0.0,129781391409.2392,233792696082.94812,60823028.16,1000000
318,Vale do Paracatu,162699436.0,0.0,0.0,129781391409.2392,94439192310.42108,90282.0,90282.0,0.0,0.0,0.0,0.0,0.0,0.0,734000.0,0.0,53200.0,0.0,0.0,0.0,0.0,0.0,129781391409.2392,233792696082.94812,60823028.16,1000000
319,Vale do Paraná S/A Álcool e Açúcar,335939173.4371332,0.0,0.0,129781391409.2392,94439192310.42108,72225.6,72225.6,0.0,0.0,0.0,0.0,0.0,1447850.743815238,20149.25618476211,178085.64148927425,106400.0,0.0,0.0,0.0,0.0,0.0,129781391409.2392,233792696082.94812,387568264.72173727,2000000
320,Vale do Tijuco,503908760.15569973,0.0,0.0,129781391409.2392,94439192310.42108,108338.4,108338.4,0.0,0.0,0.0,0.0,0.0,2171776.1157228565,30223.884277143516,267128.4622339113,159600.0,0.0,0.0,0.0,0.0,0.0,129781391409.2392,233792696082.94812,581352397.0826056,3000000
321,Vale do Verdão,671878346.8742664,0.0,0.0,129781391409.2392,94439192310.42108,144451.2,144451.2,0.0,0.0,0.0,0.0,0.0,2895701.487630476,40298.51236952422,356171.2829785485,212800.0,0.0,0.0,0.0,0.0,0.0,129781391409.2392,233792696082.94812,775136529.4434745,4000000
322,Vale Verde,325398872.0,0.0,0.0,129781391409.2392,94439192310.42108,180564.0,180564.0,0.0,0.0,0.0,0.0,0.0,0.0,1468000.0,0.0,106400.0,0.0,0.0,0.0,0.0,0.0,129781391409.2392,233792696082.94812,121646056.32,2000000
323,Vale Verde - Filial II,167969586.7185666,0.0,1830316.161484682,129781391409.2392,94439192310.42108,36112.8,0.0,0.0,0.0,0.0,0.0,36112.8,723925.371907619,10074.628092381055,89042.82074463711,53200.0,0.0,0.0,0.0,0.0,0.0,129781391409.2392,233792696082.94812,191953816.19938383,1000000
324,Veredas,162699436.0,0.0,0.0,129781391409.2392,94439192310.42108,90282.0,90282.0,0.0,0.0,0.0,0.0,0.0,0.0,734000.0,0.0,53200.0,0.0,0.0,0.0,0.0,0.0,129781391409.2392,233792696082.94812,60823028.16,1000000
325,Vertente,503908760.15569973,0.0,0.0,129781391409.2392,94439192310.42108,108338.4,108338.4,0.0,0.0,0.0,0.0,0.0,2171776.1157228565,30223.884277143516,267128.4622339113,159600.0,0.0,0.0,0.0,0.0,0.0,129781391409.2392,233792696082.94812,581352397.0826056,3000000
326,Vicentina,162699436.0,0.0,0.0,129781391409.2392,94439192310.42108,90282.0,90282.0,0.0,0.0,0.0,0.0,0.0,0.0,734000.0,0.0,53200.0,0.0,0.0,0.0,0.0,0.0,129781391409.2392,233792696082.94812,60823028.16,1000000
327,Viralcool,503908760.15569973,0.0,0.0,129781391409.2392,94439192310.42108,108338.4,108338.4,0.0,0.0,0.0,0.0,0.0,2171776.1157228565,30223.884277143516,267128.4622339113,159600.0,0.0,0.0,0.0,0.0,0.0,129781391409.2392,233792696082.94812,581352397.0826056,3000000
328,Viralcool / Castilho,503908760.15569973,0.0,0.0,129781391409.2392,94439192310.42108,108338.4,108338.4,0.0,0.0,0.0,0.0,0.0,2171776.1157228565,30223.884277143516,267128.4622339113,159600.0,0.0,0.0,0.0,0.0,0.0,129781391409.2392,233792696082.94812,581352397.0826056,3000000
329,Virgolino de Oliveira,671878346.8742664,0.0,0.0,129781391409.2392,94439192310.42108,144451.2,144451.2,0.0,0.0,0.0,0.0,0.0,2895701.487630476,40298.51236952422,356171.2829785485,212800.0,0.0,0.0,0.0,0.0,0.0,129781391409.2392,233792696082.94812,775136529.4434745,4000000
330,Virgolino de Oliveira - Catanduva,839847933.592833,0.0,0.0,129781391409.2392,94439192310.42108,180564.0,180564.0,0.0,0.0,0.0,0.0,0.0,3619626.8595380946,50373.140461905394,445214.1037231856,266000.0,0.0,0.0,0.0,0.0,0.0,129781391409.2392,233792696082.94812,968920661.8043427,5000000
331,Virgolino de Oliveira - Unid. Monções,503908760.15569973,0.0,0.0,129781391409.2392,94439192310.42108,108338.4,108338.4,0.0,0.0,0.0,0.0,0.0,2171776.1157228565,30223.884277143516,267128.4622339113,159600.0,0.0,0.0,0.0,0.0,0.0,129781391409.2392,233792696082.94812,581352397.0826056,3000000
332,Virgolino Nossa Sra Aparecida,325398872.0,0.0,7056577.7092164215,129781391409.2392,94439192310.42108,180564.0,0.0,0.0,0.0,0.0,0.0,180564.0,0.0,1468000.0,0.0,106400.0,0.0,0.0,0.0,0.0,0.0,129781391409.2392,233792696082.94812,114589478.61078358,2000000
333,Vista Alegre,335939173.4371332,0.0,4014449.0084123584,129781391409.2392,94439192310.42108,72225.6,0.0,0.0,0.0,0.0,0.0,72225.6,1447850.743815238,20149.25618476211,178085.64148927425,106400.0,0.0,0.0,0.0,0.0,0.0,129781391409.2392,233792696082.94812,383553815.7133249,2000000
334,WD,335939173.4371332,0.0,0.0,129781391409.2392,94439192310.42108,72225.6,72225.6,0.0,0.0,0.0,0.0,0.0,1447850.743815238,20149.25618476211,178085.64148927425,106400.0,0.0,0.0,0.0,0.0,0.0,129781391409.2392,233792696082.94812,387568264.72173727,2000000
