,mills,OPEX,CAPEX,logistic,profit,additional costs,et,etmk,etsaf,etpc,etref,eta,etr,j1,j2,sug,el,SAF,SAF ref,SAF air,g,d,objective,sc cost,individual profit,capacity,incentives
0,Abengoa - São João Bv,503908760.15569985,0.0,0.0,109845288142.55676,83277238890.62172,108338.40000000001,108338.40000000001,0.0,0.0,0.0,0.0,0.0,2171776.115722857,30223.88427714305,267128.4622339114,159600.0,0.0,0.0,0.0,0.0,0.0,221150225359.74567,221150225359.74567,581352397.0826057,3000000,0
1,Abengoa - São Luiz,494510500.37928003,0.0,0.0,109845288142.55676,83277238890.62172,204938.33435999998,204938.33436000004,0.0,0.0,0.0,0.0,0.0,880800.0000000002,1321199.9999999998,108338.40000000002,159600.0,0.0,0.0,0.0,0.0,0.0,221150225359.74567,221150225359.74567,344242859.96119696,3000000,0
2,Adecoagro,839847933.592833,0.0,0.0,109845288142.55676,83277238890.62172,180564.0,180564.0,0.0,0.0,0.0,0.0,0.0,3619626.859538095,50373.14046190493,445214.10372318566,266000.0,0.0,0.0,0.0,0.0,0.0,221150225359.74567,221150225359.74567,968920661.804343,5000000,0
3,Agrisa,162699435.99999997,0.0,0.0,109845288142.55676,83277238890.62172,90281.99999999999,90281.99999999999,0.0,0.0,0.0,0.0,0.0,0.0,734000.0,0.0,53200.0,0.0,0.0,0.0,0.0,0.0,221150225359.74567,221150225359.74567,60823028.16,1000000,0
4,Agrocan,162699435.99999997,0.0,0.0,109845288142.55676,83277238890.62172,90281.99999999999,90282.0,0.0,0.0,0.0,0.0,0.0,0.0,734000.0,0.0,53200.0,0.0,0.0,0.0,0.0,0.0,221150225359.74567,221150225359.74567,60823028.160000026,1000000,0
5,Agropaulo - Un. Jaguaruana,162699435.99999997,0.0,0.0,109845288142.55676,83277238890.62172,90281.99999999999,90282.0,0.0,0.0,0.0,0.0,0.0,0.0,734000.0,0.0,53200.0,0.0,0.0,0.0,0.0,0.0,221150225359.74567,221150225359.74567,60823028.160000026,1000000,0
6,Agropeu,329673666.91952,0.0,0.0,109845288142.55676,83277238890.62172,136625.55624000003,136625.55624000003,0.0,0.0,0.0,0.0,0.0,587199.9999999997,880800.0000000003,72225.59999999995,106400.0,0.0,0.0,0.0,0.0,0.0,221150225359.74567,221150225359.74567,229495239.9741311,2000000,0
7,Agrosserra,162699435.99999997,0.0,0.0,109845288142.55676,83277238890.62172,90281.99999999999,90281.99999999999,0.0,0.0,0.0,0.0,0.0,0.0,734000.0,0.0,53200.0,0.0,0.0,0.0,0.0,0.0,221150225359.74567,221150225359.74567,60823028.16,1000000,0
8,Água Bonita,335939173.4371332,0.0,0.0,109845288142.55676,83277238890.62172,72225.6,72225.6,0.0,0.0,0.0,0.0,0.0,1447850.743815238,20149.25618476211,178085.64148927425,106400.0,0.0,0.0,0.0,0.0,0.0,221150225359.74567,221150225359.74567,387568264.72173727,2000000,0
9,Alcoeste,167969586.71856663,0.0,0.0,109845288142.55676,83277238890.62172,36112.8,36112.8,0.0,0.0,0.0,0.0,0.0,723925.3719076191,10074.628092380939,89042.82074463714,53200.0,0.0,0.0,0.0,0.0,0.0,221150225359.74567,221150225359.74567,193784132.3608686,1000000,0
10,Alcon,167969586.71856663,0.0,0.0,109845288142.55676,83277238890.62172,36112.8,36112.8,0.0,0.0,0.0,0.0,0.0,723925.3719076191,10074.628092380939,89042.82074463714,53200.0,0.0,0.0,0.0,0.0,0.0,221150225359.74567,221150225359.74567,193784132.3608686,1000000,0
11,Alcoolquímica,329673666.91952,0.0,0.0,109845288142.55676,83277238890.62172,136625.55624000003,136625.55624000003,0.0,0.0,0.0,0.0,0.0,587199.9999999997,880800.0000000003,72225.59999999995,106400.0,0.0,0.0,0.0,0.0,0.0,221150225359.74567,221150225359.74567,229495239.9741311,2000000,0
12,Alcoolvale,335939173.4371332,0.0,0.0,109845288142.55676,83277238890.62172,72225.6,72225.6,0.0,0.0,0.0,0.0,0.0,1447850.743815238,20149.25618476211,178085.64148927425,106400.0,0.0,0.0,0.0,0.0,0.0,221150225359.74567,221150225359.74567,387568264.72173727,2000000,0
13,Alta Floresta (Alto Alegre),335939173.4371332,0.0,0.0,109845288142.55676,83277238890.62172,72225.6,72225.6,0.0,0.0,0.0,0.0,0.0,1447850.743815238,20149.25618476211,178085.64148927425,106400.0,0.0,0.0,0.0,0.0,0.0,221150225359.74567,221150225359.74567,387568264.72173727,2000000,0
14,Alta Mogiana,923832726.9521163,0.0,0.0,109845288142.55676,83277238890.62172,198620.4,198620.4,0.0,0.0,0.0,0.0,0.0,3981589.5454919045,55410.454508095514,489735.5140955042,292600.0,0.0,0.0,0.0,0.0,0.0,221150225359.74567,221150225359.74567,1065812727.9847772,5500000,0
15,Alta Paulista (Usalpa),335939173.4371332,0.0,0.0,109845288142.55676,83277238890.62172,72225.6,72225.6,0.0,0.0,0.0,0.0,0.0,1447850.743815238,20149.25618476211,178085.64148927425,106400.0,0.0,0.0,0.0,0.0,0.0,221150225359.74567,221150225359.74567,387568264.72173727,2000000,0
16,Alta Paulista II,325398872.0,0.0,0.0,109845288142.55676,83277238890.62172,180564.0,180564.0,0.0,0.0,0.0,0.0,0.0,0.0,1468000.0,0.0,106400.0,0.0,0.0,0.0,0.0,0.0,221150225359.74567,221150225359.74567,121646056.32,2000000,0
17,Alto Alegre - Florestópolis,494510500.37928003,0.0,0.0,109845288142.55676,83277238890.62172,204938.33435999998,204938.33435999998,0.0,0.0,0.0,0.0,0.0,880800.0000000002,1321199.9999999998,108338.40000000002,159600.0,0.0,0.0,0.0,0.0,0.0,221150225359.74567,221150225359.74567,344242859.96119684,3000000,0
18,Alto Alegre - Unidade Junqueira,671878346.8742664,0.0,0.0,109845288142.55676,83277238890.62172,144451.2,144451.2,0.0,0.0,0.0,0.0,0.0,2895701.487630476,40298.51236952422,356171.2829785485,212800.0,0.0,0.0,0.0,0.0,0.0,221150225359.74567,221150225359.74567,775136529.4434745,4000000,0
19,Alto Alegre - Unidade Santo Inácio,671878346.8742664,0.0,0.0,109845288142.55676,83277238890.62172,144451.2,144451.2,0.0,0.0,0.0,0.0,0.0,2895701.487630476,40298.51236952422,356171.2829785485,212800.0,0.0,0.0,0.0,0.0,0.0,221150225359.74567,221150225359.74567,775136529.4434745,4000000,0
20,Alto Taquari,650797744.0,0.0,0.0,109845288142.55676,83277238890.62172,361128.0,361128.0,0.0,0.0,0.0,0.0,0.0,0.0,2936000.0,0.0,212800.0,0.0,0.0,0.0,0.0,0.0,221150225359.74567,221150225359.74567,243292112.64,4000000,0
21,Alvorada,335939173.4371332,0.0,0.0,109845288142.55676,83277238890.62172,72225.6,72225.6,0.0,0.0,0.0,0.0,0.0,1447850.743815238,20149.25618476211,178085.64148927425,106400.0,0.0,0.0,0.0,0.0,0.0,221150225359.74567,221150225359.74567,387568264.72173727,2000000,0
22,Americana,162699435.99999997,0.0,0.0,109845288142.55676,83277238890.62172,90281.99999999999,90281.99999999999,0.0,0.0,0.0,0.0,0.0,0.0,734000.0,0.0,53200.0,0.0,0.0,0.0,0.0,0.0,221150225359.74567,221150225359.74567,60823028.16,1000000,0
23,Andrade,503908760.15569985,0.0,0.0,109845288142.55676,83277238890.62172,108338.40000000001,108338.40000000001,0.0,0.0,0.0,0.0,0.0,2171776.115722857,30223.88427714305,267128.4622339114,159600.0,0.0,0.0,0.0,0.0,0.0,221150225359.74567,221150225359.74567,581352397.0826057,3000000,0
24,Angélica,671878346.8742664,0.0,0.0,109845288142.55676,83277238890.62172,144451.2,144451.2,0.0,0.0,0.0,0.0,0.0,2895701.487630476,40298.51236952422,356171.2829785485,212800.0,0.0,0.0,0.0,0.0,0.0,221150225359.74567,221150225359.74567,775136529.4434745,4000000,0
25,Anicuns,488098308.0,0.0,0.0,109845288142.55676,83277238890.62172,270846.0,270846.0,0.0,0.0,0.0,0.0,0.0,0.0,2202000.0,0.0,159600.0,0.0,0.0,0.0,0.0,0.0,221150225359.74567,221150225359.74567,182469084.48000002,3000000,0
26,Aroeira,167969586.71856663,0.0,0.0,109845288142.55676,83277238890.62172,36112.8,36112.8,0.0,0.0,0.0,0.0,0.0,723925.3719076191,10074.628092380939,89042.82074463714,53200.0,0.0,0.0,0.0,0.0,0.0,221150225359.74567,221150225359.74567,193784132.3608686,1000000,0
27,Atena Tecnologias - Fazendo Bartira,167969586.71856663,0.0,0.0,109845288142.55676,83277238890.62172,36112.8,36112.8,0.0,0.0,0.0,0.0,0.0,723925.3719076191,10074.628092380939,89042.82074463714,53200.0,0.0,0.0,0.0,0.0,0.0,221150225359.74567,221150225359.74567,193784132.3608686,1000000,0
28,Avaré,335939173.4371332,0.0,0.0,109845288142.55676,83277238890.62172,72225.6,72225.6,0.0,0.0,0.0,0.0,0.0,1447850.743815238,20149.25618476211,178085.64148927425,106400.0,0.0,0.0,0.0,0.0,0.0,221150225359.74567,221150225359.74567,387568264.72173727,2000000,0
29,Bahia Etanol,162699435.99999997,0.0,0.0,109845288142.55676,83277238890.62172,90281.99999999999,90281.99999999999,0.0,0.0,0.0,0.0,0.0,0.0,734000.0,0.0,53200.0,0.0,0.0,0.0,0.0,0.0,221150225359.74567,221150225359.74567,60823028.16,1000000,0
30,Baldin Bioenergia,335939173.4371332,0.0,0.0,109845288142.55676,83277238890.62172,72225.6,72225.6,0.0,0.0,0.0,0.0,0.0,1447850.743815238,20149.25618476211,178085.64148927425,106400.0,0.0,0.0,0.0,0.0,0.0,221150225359.74567,221150225359.74567,387568264.72173727,2000000,0
31,Bambuí,325398872.0,0.0,0.0,109845288142.55676,83277238890.62172,180564.0,180564.0,0.0,0.0,0.0,0.0,0.0,0.0,1468000.0,0.0,106400.0,0.0,0.0,0.0,0.0,0.0,221150225359.74567,221150225359.74567,121646056.32,2000000,0
32,Bandeirantes,503908760.15569985,0.0,0.0,109845288142.55676,83277238890.62172,108338.40000000001,108338.40000000001,0.0,0.0,0.0,0.0,0.0,2171776.115722857,30223.88427714305,267128.4622339114,159600.0,0.0,0.0,0.0,0.0,0.0,221150225359.74567,221150225359.74567,581352397.0826057,3000000,0
33,Barra Grande,839847933.592833,0.0,-1.0965112426798468e-08,109845288142.55676,83277238890.62172,180564.0,133023.30868490593,0.0,5.48193449898994e-10,47540.691315095064,0.0,0.0,3619626.859538095,50373.14046190493,445214.10372318566,266000.0,0.0,0.0,0.0,0.0,0.0,221150225359.74567,221150225359.74567,968920661.804344,5000000,0
34,Barralcool,503908760.15569985,0.0,0.0,109845288142.55676,83277238890.62172,108338.40000000001,108338.39999999998,2.9103830456733704e-11,0.0,0.0,0.0,0.0,2171776.115722857,30223.88427714305,267128.4622339114,159600.0,0.0,0.0,0.0,0.0,0.0,221150225359.74567,221150225359.74567,581352397.0826057,3000000,0
35,Batatais,671878346.8742664,0.0,0.0,109845288142.55676,83277238890.62172,144451.2,144451.2,0.0,0.0,0.0,0.0,0.0,2895701.487630476,40298.51236952422,356171.2829785485,212800.0,0.0,0.0,0.0,0.0,0.0,221150225359.74567,221150225359.74567,775136529.4434745,4000000,0
36,Batatais - Unidade Lins,503908760.15569985,0.0,0.0,109845288142.55676,83277238890.62172,108338.40000000001,108338.40000000001,0.0,0.0,0.0,0.0,0.0,2171776.115722857,30223.88427714305,267128.4622339114,159600.0,0.0,0.0,0.0,0.0,0.0,221150225359.74567,221150225359.74567,581352397.0826057,3000000,0
37,Bazan,659347333.83904,0.0,0.0,109845288142.55676,83277238890.62172,273251.11248000007,0.0,0.0,0.0,273251.11248000007,0.0,0.0,1174399.9999999993,1761600.0000000007,144451.1999999999,212800.0,0.0,0.0,0.0,0.0,0.0,221150225359.74567,221150225359.74567,458990479.9482622,4000000,0
38,Bela Vista,671878346.8742664,0.0,0.0,109845288142.55676,83277238890.62172,144451.2,116224.29602057394,0.0,0.0,28226.903979426075,0.0,0.0,2895701.487630476,40298.51236952422,356171.2829785485,212800.0,0.0,0.0,0.0,0.0,0.0,221150225359.74567,221150225359.74567,775136529.4434743,4000000,0
39,Bevap,494510500.37928003,0.0,0.0,109845288142.55676,83277238890.62172,204938.33435999998,204938.33435999998,0.0,0.0,0.0,0.0,0.0,880800.0000000002,1321199.9999999998,108338.40000000002,159600.0,0.0,0.0,0.0,0.0,0.0,221150225359.74567,221150225359.74567,344242859.96119684,3000000,0
40,Bioenergia,325398872.0,0.0,0.0,109845288142.55676,83277238890.62172,180564.0,180564.0,0.0,0.0,0.0,0.0,0.0,0.0,1468000.0,0.0,106400.0,0.0,0.0,0.0,0.0,0.0,221150225359.74567,221150225359.74567,121646056.32,2000000,0
41,Bioflex Agroindustrial,162699435.99999997,0.0,0.0,109845288142.55676,83277238890.62172,90281.99999999999,90281.99999999999,0.0,0.0,0.0,0.0,0.0,0.0,734000.0,0.0,53200.0,0.0,0.0,0.0,0.0,0.0,221150225359.74567,221150225359.74567,60823028.16,1000000,0
42,Biopav(Revati),650797744.0,0.0,0.0,109845288142.55676,83277238890.62172,361128.0,361128.0,0.0,0.0,0.0,0.0,0.0,0.0,2936000.0,0.0,212800.0,0.0,0.0,0.0,0.0,0.0,221150225359.74567,221150225359.74567,243292112.64,4000000,0
43,BIOSEV - Unidade Ares,464669372.53555787,30768614.217980254,14491543.240087295,109845288142.55676,83277238890.62172,72225.6,0.0,72225.6,288666.46363449574,0.0,0.0,0.0,1447850.743815238,20149.25618476211,178085.64148927425,106400.0,147965.74609014328,147965.74609014328,0.0,25262.444454414708,40419.911127063526,221150225359.74567,221150225359.74567,4.76837158203125e-07,2000000,0
44,BIOSEV - UNIDADE COLOMBIA,503908760.15569985,0.0,0.0,109845288142.55676,83277238890.62172,108338.40000000001,108338.40000000001,0.0,0.0,0.0,0.0,0.0,2171776.115722857,30223.88427714305,267128.4622339114,159600.0,0.0,0.0,0.0,0.0,0.0,221150225359.74567,221150225359.74567,581352397.0826057,3000000,0
45,Biosev - Unidade Lagoa da Prata,494510500.37928003,0.0,0.0,109845288142.55676,83277238890.62172,204938.33435999998,204938.33435999998,0.0,0.0,0.0,0.0,0.0,880800.0000000002,1321199.9999999998,108338.40000000002,159600.0,0.0,0.0,0.0,0.0,0.0,221150225359.74567,221150225359.74567,344242859.96119684,3000000,0
46,BIOSEV - Unidade Leme,329673666.91952,0.0,0.0,109845288142.55676,83277238890.62172,136625.55624000003,15786.919273904437,0.0,0.0,120838.6369660956,0.0,0.0,587199.9999999997,880800.0000000003,72225.59999999995,106400.0,0.0,0.0,0.0,0.0,0.0,221150225359.74567,221150225359.74567,229495239.9741311,2000000,0
47,BIOSEV - Unidade MB,503908760.15569985,0.0,0.0,109845288142.55676,83277238890.62172,108338.40000000001,108338.40000000001,0.0,0.0,0.0,0.0,0.0,2171776.115722857,30223.88427714305,267128.4622339114,159600.0,0.0,0.0,0.0,0.0,0.0,221150225359.74567,221150225359.74567,581352397.0826057,3000000,0
48,BIOSEV - Unidade Passa Tempo,503908760.15569985,0.0,0.0,109845288142.55676,83277238890.62172,108338.40000000001,108338.40000000001,0.0,0.0,0.0,0.0,0.0,2171776.115722857,30223.88427714305,267128.4622339114,159600.0,0.0,0.0,0.0,0.0,0.0,221150225359.74567,221150225359.74567,581352397.0826057,3000000,0
49,BIOSEV - Unidade Pedras de Fogo,162699435.99999997,0.0,0.0,109845288142.55676,83277238890.62172,90281.99999999999,90281.99999999999,0.0,0.0,0.0,0.0,0.0,0.0,734000.0,0.0,53200.0,0.0,0.0,0.0,0.0,0.0,221150225359.74567,221150225359.74567,60823028.16,1000000,0
50,BIOSEV - Unidade Rio Brilhante,839847933.592833,0.0,0.0,109845288142.55676,83277238890.62172,180564.0,180564.0,0.0,0.0,0.0,0.0,0.0,3619626.859538095,50373.14046190493,445214.10372318566,266000.0,0.0,0.0,0.0,0.0,0.0,221150225359.74567,221150225359.74567,968920661.804343,5000000,0
51,BIOSEV - Unidade Santa Elisa,1280624429.2356176,59851477.584140204,57211903.69398268,109845288142.55676,83277238890.62172,198620.4,0.0,198620.4,801636.685179426,0.0,0.0,0.0,3981589.5454919045,55410.454508095514,489735.5140955042,292600.0,410105.4049235647,410105.4049235647,0.0,70017.99596255983,112028.7935400957,221150225359.74567,221150225359.74567,0.0,5500000,0
52,BIOSEV - Unidade Vale do Rosário,923832726.9521163,0.0,0.0,109845288142.55676,83277238890.62172,198620.4,198620.4,0.0,0.0,0.0,0.0,0.0,3981589.5454919045,55410.454508095514,489735.5140955042,292600.0,0.0,0.0,0.0,0.0,0.0,221150225359.74567,221150225359.74567,1065812727.9847772,5500000,0
53,Boa Vista,813497180.0,0.0,0.0,109845288142.55676,83277238890.62172,451410.0,451410.0,0.0,0.0,0.0,0.0,0.0,0.0,3670000.0,0.0,266000.0,0.0,0.0,0.0,0.0,0.0,221150225359.74567,221150225359.74567,304115140.8000002,5000000,0
54,Bom Jesus,162699435.99999997,0.0,0.0,109845288142.55676,83277238890.62172,90281.99999999999,90281.99999999999,0.0,0.0,0.0,0.0,0.0,0.0,734000.0,0.0,53200.0,0.0,0.0,0.0,0.0,0.0,221150225359.74567,221150225359.74567,60823028.16,1000000,0
55,Bom Sucesso,503908760.15569985,0.0,0.0,109845288142.55676,83277238890.62172,108338.40000000001,108338.40000000001,0.0,0.0,0.0,0.0,0.0,2171776.115722857,30223.88427714305,267128.4622339114,159600.0,0.0,0.0,0.0,0.0,0.0,221150225359.74567,221150225359.74567,581352397.0826057,3000000,0
56,Branco Peres,167969586.71856663,0.0,0.0,109845288142.55676,83277238890.62172,36112.8,36112.8,0.0,0.0,0.0,0.0,0.0,723925.3719076191,10074.628092380939,89042.82074463714,53200.0,0.0,0.0,0.0,0.0,0.0,221150225359.74567,221150225359.74567,193784132.3608686,1000000,0
57,BRENCO - Usina Morro Vermelho,650797744.0,0.0,0.0,109845288142.55676,83277238890.62172,361128.0,361128.0,0.0,0.0,0.0,0.0,0.0,0.0,2936000.0,0.0,212800.0,0.0,0.0,0.0,0.0,0.0,221150225359.74567,221150225359.74567,243292112.64,4000000,0
58,Buriti - Sorriso,162699435.99999997,0.0,0.0,109845288142.55676,83277238890.62172,90281.99999999999,90281.99999999999,0.0,0.0,0.0,0.0,0.0,0.0,734000.0,0.0,53200.0,0.0,0.0,0.0,0.0,0.0,221150225359.74567,221150225359.74567,60823028.16,1000000,0
59,Buriti - Buritizal,488098308.0,0.0,0.0,109845288142.55676,83277238890.62172,270846.0,270846.0,0.0,0.0,0.0,0.0,0.0,0.0,2202000.0,0.0,159600.0,0.0,0.0,0.0,0.0,0.0,221150225359.74567,221150225359.74567,182469084.48000002,3000000,0
60,Cabrera Energética,325398872.0,0.0,0.0,109845288142.55676,83277238890.62172,180564.0,180564.0,0.0,0.0,0.0,0.0,0.0,0.0,1468000.0,0.0,106400.0,0.0,0.0,0.0,0.0,0.0,221150225359.74567,221150225359.74567,121646056.32,2000000,0
61,Cachoeira - Tupaciguara,162699435.99999997,0.0,0.0,109845288142.55676,83277238890.62172,90281.99999999999,90282.0,0.0,0.0,0.0,0.0,0.0,0.0,734000.0,0.0,53200.0,0.0,0.0,0.0,0.0,0.0,221150225359.74567,221150225359.74567,60823028.160000026,1000000,0
62,Caçú,335939173.4371332,0.0,0.0,109845288142.55676,83277238890.62172,72225.6,72225.6,0.0,0.0,0.0,0.0,0.0,1447850.743815238,20149.25618476211,178085.64148927425,106400.0,0.0,0.0,0.0,0.0,0.0,221150225359.74567,221150225359.74567,387568264.72173727,2000000,0
63,Caeté,335939173.4371332,0.0,0.0,109845288142.55676,83277238890.62172,72225.6,72225.6,0.0,0.0,0.0,0.0,0.0,1447850.743815238,20149.25618476211,178085.64148927425,106400.0,0.0,0.0,0.0,0.0,0.0,221150225359.74567,221150225359.74567,387568264.72173727,2000000,0
64,Caeté - Unidade Paulicéia,813497180.0,0.0,0.0,109845288142.55676,83277238890.62172,451410.0,451410.0,0.0,0.0,0.0,0.0,0.0,0.0,3670000.0,0.0,266000.0,0.0,0.0,0.0,0.0,0.0,221150225359.74567,221150225359.74567,304115140.8000002,5000000,0
65,Cafealcool,162699435.99999997,0.0,0.0,109845288142.55676,83277238890.62172,90281.99999999999,90281.99999999999,0.0,0.0,0.0,0.0,0.0,0.0,734000.0,0.0,53200.0,0.0,0.0,0.0,0.0,0.0,221150225359.74567,221150225359.74567,60823028.16,1000000,0
66,Camaragibe,167969586.71856663,0.0,0.0,109845288142.55676,83277238890.62172,36112.8,36112.8,0.0,0.0,0.0,0.0,0.0,723925.3719076191,10074.628092380939,89042.82074463714,53200.0,0.0,0.0,0.0,0.0,0.0,221150225359.74567,221150225359.74567,193784132.3608686,1000000,0
67,Cambuí,325398872.0,0.0,0.0,109845288142.55676,83277238890.62172,180564.0,180564.0,0.0,0.0,0.0,0.0,0.0,0.0,1468000.0,0.0,106400.0,0.0,0.0,0.0,0.0,0.0,221150225359.74567,221150225359.74567,121646056.32,2000000,0
68,Campo Lindo,162699435.99999997,0.0,0.0,109845288142.55676,83277238890.62172,90281.99999999999,90281.99999999997,0.0,0.0,1.4551915228366852e-11,0.0,0.0,0.0,734000.0,0.0,53200.0,0.0,0.0,0.0,0.0,0.0,221150225359.74567,221150225359.74567,60823028.16,1000000,0
69,Canabrava 1,325398872.0,0.0,0.0,109845288142.55676,83277238890.62172,180564.0,180564.0,0.0,0.0,0.0,0.0,0.0,0.0,1468000.0,0.0,106400.0,0.0,0.0,0.0,0.0,0.0,221150225359.74567,221150225359.74567,121646056.32,2000000,0
70,Carolo (N.Sra. Aparecida - BC Pontal),494510500.37928003,0.0,0.0,109845288142.55676,83277238890.62172,204938.33435999998,0.0,0.0,0.0,204938.33435999998,0.0,0.0,880800.0000000002,1321199.9999999998,108338.40000000002,159600.0,0.0,0.0,0.0,0.0,0.0,221150225359.74567,221150225359.74567,344242859.96119684,3000000,0
71,CBB - CIA Bioenergética,162699435.99999997,0.0,0.0,109845288142.55676,83277238890.62172,90281.99999999999,90281.99999999999,0.0,0.0,0.0,0.0,0.0,0.0,734000.0,0.0,53200.0,0.0,0.0,0.0,0.0,0.0,221150225359.74567,221150225359.74567,60823028.16,1000000,0
72,Ceara-Mirim,162699435.99999997,0.0,0.0,109845288142.55676,83277238890.62172,90281.99999999999,0.0,0.0,0.0,90281.99999999999,0.0,0.0,0.0,734000.0,0.0,53200.0,0.0,0.0,0.0,0.0,0.0,221150225359.74567,221150225359.74567,60823028.16,1000000,0
73,Cenasa,162699435.99999997,0.0,0.0,109845288142.55676,83277238890.62172,90281.99999999999,90281.99999999999,0.0,0.0,0.0,0.0,0.0,0.0,734000.0,0.0,53200.0,0.0,0.0,0.0,0.0,0.0,221150225359.74567,221150225359.74567,60823028.16,1000000,0
74,Central Leão Utinga,167969586.71856663,0.0,0.0,109845288142.55676,83277238890.62172,36112.8,36112.8,0.0,0.0,0.0,0.0,0.0,723925.3719076191,10074.628092380939,89042.82074463714,53200.0,0.0,0.0,0.0,0.0,0.0,221150225359.74567,221150225359.74567,193784132.3608686,1000000,0
75,Central Morrinhos,335939173.4371332,0.0,0.0,109845288142.55676,83277238890.62172,72225.6,72225.6,0.0,0.0,0.0,0.0,0.0,1447850.743815238,20149.25618476211,178085.64148927425,106400.0,0.0,0.0,0.0,0.0,0.0,221150225359.74567,221150225359.74567,387568264.72173727,2000000,0
76,Central Olho D'Água,329673666.91952,0.0,0.0,109845288142.55676,83277238890.62172,136625.55624000003,136625.55624000003,0.0,0.0,0.0,0.0,0.0,587199.9999999997,880800.0000000003,72225.59999999995,106400.0,0.0,0.0,0.0,0.0,0.0,221150225359.74567,221150225359.74567,229495239.9741311,2000000,0
77,Centro Oeste Iguatemi,162699435.99999997,0.0,0.0,109845288142.55676,83277238890.62172,90281.99999999999,90281.99999999999,0.0,0.0,0.0,0.0,0.0,0.0,734000.0,0.0,53200.0,0.0,0.0,0.0,0.0,0.0,221150225359.74567,221150225359.74567,60823028.16,1000000,0
78,Cerradão,335939173.4371332,0.0,0.0,109845288142.55676,83277238890.62172,72225.6,72225.6,0.0,0.0,0.0,0.0,0.0,1447850.743815238,20149.25618476211,178085.64148927425,106400.0,0.0,0.0,0.0,0.0,0.0,221150225359.74567,221150225359.74567,387568264.72173727,2000000,0
79,Cevasa,494510500.37928003,0.0,0.0,109845288142.55676,83277238890.62172,204938.33435999998,204938.33435999998,0.0,0.0,0.0,0.0,0.0,880800.0000000002,1321199.9999999998,108338.40000000002,159600.0,0.0,0.0,0.0,0.0,0.0,221150225359.74567,221150225359.74567,344242859.96119684,3000000,0
80,Cia. Energética Vale do São Simão,335939173.4371332,0.0,0.0,109845288142.55676,83277238890.62172,72225.6,72225.6,0.0,0.0,0.0,0.0,0.0,1447850.743815238,20149.25618476211,178085.64148927425,106400.0,0.0,0.0,0.0,0.0,0.0,221150225359.74567,221150225359.74567,387568264.72173727,2000000,0
81,Citrosuco,162699435.99999997,0.0,0.0,109845288142.55676,83277238890.62172,90281.99999999999,90281.99999999999,0.0,0.0,0.0,0.0,0.0,0.0,734000.0,0.0,53200.0,0.0,0.0,0.0,0.0,0.0,221150225359.74567,221150225359.74567,60823028.16,1000000,0
82,Clealco - Unidade Queiroz,906602584.0286801,0.0,0.0,109845288142.55676,83277238890.62172,375720.27966,375720.27966,0.0,0.0,0.0,0.0,0.0,1614800.0000000002,2422200.0,198620.40000000002,292600.0,0.0,0.0,0.0,0.0,0.0,221150225359.74567,221150225359.74567,631111909.9288609,5500000,0
83,Coaf - Cruangi,162699435.99999997,0.0,0.0,109845288142.55676,83277238890.62172,90281.99999999999,90281.99999999999,0.0,0.0,0.0,0.0,0.0,0.0,734000.0,0.0,53200.0,0.0,0.0,0.0,0.0,0.0,221150225359.74567,221150225359.74567,60823028.16,1000000,0
84,Coagro,167969586.71856663,0.0,0.0,109845288142.55676,83277238890.62172,36112.8,36112.8,0.0,0.0,0.0,0.0,0.0,723925.3719076191,10074.628092380939,89042.82074463714,53200.0,0.0,0.0,0.0,0.0,0.0,221150225359.74567,221150225359.74567,193784132.3608686,1000000,0
85,Cocal,671878346.8742664,0.0,0.0,109845288142.55676,83277238890.62172,144451.2,144451.2,0.0,0.0,0.0,0.0,0.0,2895701.487630476,40298.51236952422,356171.2829785485,212800.0,0.0,0.0,0.0,0.0,0.0,221150225359.74567,221150225359.74567,775136529.4434745,4000000,0
86,Cocal - Unidade Narandiba,671878346.8742664,0.0,0.0,109845288142.55676,83277238890.62172,144451.2,144451.2,0.0,0.0,0.0,0.0,0.0,2895701.487630476,40298.51236952422,356171.2829785485,212800.0,0.0,0.0,0.0,0.0,0.0,221150225359.74567,221150225359.74567,775136529.4434745,4000000,0
87,COFCO BRASIL S.A. - Catanduva,824184167.2988001,0.0,0.0,109845288142.55676,83277238890.62172,341563.8906,341563.8906,0.0,0.0,0.0,0.0,0.0,1468000.0000000012,2201999.999999999,180564.00000000012,266000.0,0.0,0.0,0.0,0.0,0.0,221150225359.74567,221150225359.74567,573738099.9353284,5000000,0
88,COFCO BRASIL S.A. - Meridiano,671878346.8742664,0.0,0.0,109845288142.55676,83277238890.62172,144451.2,144451.2,0.0,0.0,0.0,0.0,0.0,2895701.487630476,40298.51236952422,356171.2829785485,212800.0,0.0,0.0,0.0,0.0,0.0,221150225359.74567,221150225359.74567,775136529.4434745,4000000,0
89,COFCO BRASIL S.A. - Potirendaba,659347333.83904,0.0,0.0,109845288142.55676,83277238890.62172,273251.11248000007,273251.11248000007,0.0,0.0,0.0,0.0,0.0,1174399.9999999993,1761600.0000000007,144451.1999999999,212800.0,0.0,0.0,0.0,0.0,0.0,221150225359.74567,221150225359.74567,458990479.9482622,4000000,0
90,COFCO BRASIL S.A. - Sebastianópolis do Sul,839847933.592833,0.0,0.0,109845288142.55676,83277238890.62172,180564.0,180564.0,0.0,0.0,0.0,0.0,0.0,3619626.859538095,50373.14046190493,445214.10372318566,266000.0,0.0,0.0,0.0,0.0,0.0,221150225359.74567,221150225359.74567,968920661.804343,5000000,0
91,Colombo,923832726.9521163,0.0,0.0,109845288142.55676,83277238890.62172,198620.4,198620.4,0.0,0.0,0.0,0.0,0.0,3981589.5454919045,55410.454508095514,489735.5140955042,292600.0,0.0,0.0,0.0,0.0,0.0,221150225359.74567,221150225359.74567,1065812727.9847772,5500000,0
92,Colombo (Unidade Palestina),325398872.0,0.0,0.0,109845288142.55676,83277238890.62172,180564.0,180564.0,0.0,0.0,0.0,0.0,0.0,0.0,1468000.0,0.0,106400.0,0.0,0.0,0.0,0.0,0.0,221150225359.74567,221150225359.74567,121646056.32,2000000,0
93,Colorado,906602584.0286801,0.0,0.0,109845288142.55676,83277238890.62172,375720.27966,375720.27966,0.0,0.0,0.0,0.0,0.0,1614800.0000000002,2422200.0,198620.40000000002,292600.0,0.0,0.0,0.0,0.0,0.0,221150225359.74567,221150225359.74567,631111909.9288609,5500000,0
94,Comanche Canitar,162699435.99999997,0.0,0.0,109845288142.55676,83277238890.62172,90281.99999999999,90281.99999999999,0.0,0.0,0.0,0.0,0.0,0.0,734000.0,0.0,53200.0,0.0,0.0,0.0,0.0,0.0,221150225359.74567,221150225359.74567,60823028.16,1000000,0
95,Comanche-Tatuí,162699435.99999997,0.0,0.0,109845288142.55676,83277238890.62172,90281.99999999999,90281.99999999999,0.0,0.0,0.0,0.0,0.0,0.0,734000.0,0.0,53200.0,0.0,0.0,0.0,0.0,0.0,221150225359.74567,221150225359.74567,60823028.16,1000000,0
96,Compahia Agroindustrial de Goiana (Santa Teresa),167969586.71856663,0.0,0.0,109845288142.55676,83277238890.62172,36112.8,36112.8,0.0,0.0,0.0,0.0,0.0,723925.3719076191,10074.628092380939,89042.82074463714,53200.0,0.0,0.0,0.0,0.0,0.0,221150225359.74567,221150225359.74567,193784132.3608686,1000000,0
97,Comvap,167969586.71856663,0.0,0.0,109845288142.55676,83277238890.62172,36112.8,36112.799999999974,2.9103830456733704e-11,0.0,0.0,0.0,0.0,723925.3719076191,10074.628092380939,89042.82074463714,53200.0,0.0,0.0,0.0,0.0,0.0,221150225359.74567,221150225359.74567,193784132.36086854,1000000,0
98,Conquista de Minas,164836833.45976,0.0,0.0,109845288142.55676,83277238890.62172,68312.77812000002,68312.77812000002,0.0,0.0,0.0,0.0,0.0,293599.99999999994,440400.00000000006,36112.79999999999,53200.0,0.0,0.0,0.0,0.0,0.0,221150225359.74567,221150225359.74567,114747619.98706561,1000000,0
99,Coopercana,162699435.99999997,0.0,0.0,109845288142.55676,83277238890.62172,90281.99999999999,90281.99999999999,0.0,0.0,0.0,0.0,0.0,0.0,734000.0,0.0,53200.0,0.0,0.0,0.0,0.0,0.0,221150225359.74567,221150225359.74567,60823028.16,1000000,0
100,Cooper-Rubi,335939173.4371332,0.0,0.0,109845288142.55676,83277238890.62172,72225.6,72225.6,0.0,0.0,0.0,0.0,0.0,1447850.743815238,20149.25618476211,178085.64148927425,106400.0,0.0,0.0,0.0,0.0,0.0,221150225359.74567,221150225359.74567,387568264.72173727,2000000,0
101,Copersul,167969586.71856663,0.0,0.0,109845288142.55676,83277238890.62172,36112.8,36112.8,0.0,0.0,0.0,0.0,0.0,723925.3719076191,10074.628092380939,89042.82074463714,53200.0,0.0,0.0,0.0,0.0,0.0,221150225359.74567,221150225359.74567,193784132.3608686,1000000,0
102,Coplasa,824184167.2988001,0.0,0.0,109845288142.55676,83277238890.62172,341563.8906,341563.8906,0.0,0.0,0.0,0.0,0.0,1468000.0000000012,2201999.999999999,180564.00000000012,266000.0,0.0,0.0,0.0,0.0,0.0,221150225359.74567,221150225359.74567,573738099.9353284,5000000,0
103,Coprodia,335939173.4371332,0.0,0.0,109845288142.55676,83277238890.62172,72225.6,72225.6,0.0,0.0,0.0,0.0,0.0,1447850.743815238,20149.25618476211,178085.64148927425,106400.0,0.0,0.0,0.0,0.0,0.0,221150225359.74567,221150225359.74567,387568264.72173727,2000000,0
104,Coruripe,597051368.1558633,26290663.095132597,11668635.22359407,109845288142.55676,83277238890.62172,204938.33435999998,0.0,204938.33435999998,82532.55932259955,0.0,0.0,0.0,880800.0000000002,1321199.9999999998,108338.40000000002,159600.0,117863.06640986582,117863.06640986582,0.0,20122.96255778197,32196.74009245115,221150225359.74567,221150225359.74567,33615837.89460921,3000000,0
105,Coruripe - Filial Campo Florido,671878346.8742664,0.0,0.0,109845288142.55676,83277238890.62172,144451.2,144451.2,0.0,0.0,0.0,0.0,0.0,2895701.487630476,40298.51236952422,356171.2829785485,212800.0,0.0,0.0,0.0,0.0,0.0,221150225359.74567,221150225359.74567,775136529.4434745,4000000,0
106,Coruripe - Filial Limeira do Oeste,162699435.99999997,0.0,0.0,109845288142.55676,83277238890.62172,90281.99999999999,90281.99999999999,0.0,0.0,0.0,0.0,0.0,0.0,734000.0,0.0,53200.0,0.0,0.0,0.0,0.0,0.0,221150225359.74567,221150225359.74567,60823028.16,1000000,0
107,Coruripe - Iturama,659347333.83904,0.0,0.0,109845288142.55676,83277238890.62172,273251.11248000007,273251.11248000007,0.0,0.0,0.0,0.0,0.0,1174399.9999999993,1761600.0000000007,144451.1999999999,212800.0,0.0,0.0,0.0,0.0,0.0,221150225359.74567,221150225359.74567,458990479.9482622,4000000,0
108,Costa Bioenergia,335939173.4371332,0.0,0.0,109845288142.55676,83277238890.62172,72225.6,72225.6,0.0,0.0,0.0,0.0,0.0,1447850.743815238,20149.25618476211,178085.64148927425,106400.0,0.0,0.0,0.0,0.0,0.0,221150225359.74567,221150225359.74567,387568264.72173727,2000000,0
109,CRV,167969586.71856663,0.0,0.0,109845288142.55676,83277238890.62172,36112.8,36112.8,0.0,0.0,0.0,0.0,0.0,723925.3719076191,10074.628092380939,89042.82074463714,53200.0,0.0,0.0,0.0,0.0,0.0,221150225359.74567,221150225359.74567,193784132.3608686,1000000,0
110,Cucau,335939173.4371332,0.0,0.0,109845288142.55676,83277238890.62172,72225.6,72225.59999999999,0.0,0.0,1.4551915228366852e-11,0.0,0.0,1447850.743815238,20149.25618476211,178085.64148927425,106400.0,0.0,0.0,0.0,0.0,0.0,221150225359.74567,221150225359.74567,387568264.72173715,2000000,0
111,Da Mata,671878346.8742664,0.0,0.0,109845288142.55676,83277238890.62172,144451.2,144451.2,0.0,0.0,0.0,0.0,0.0,2895701.487630476,40298.51236952422,356171.2829785485,212800.0,0.0,0.0,0.0,0.0,0.0,221150225359.74567,221150225359.74567,775136529.4434745,4000000,0
112,Da Pedra,824184167.2988005,2.1115209362040948e-08,5.829754209933524e-08,109845288142.55676,83277238890.62172,341563.8906,341563.8905999997,2.771499257490285e-10,7.614746589836405e-10,0.0,0.0,0.0,1468000.0000000012,2201999.999999999,180564.00000000012,266000.0,4.2583607974039434e-10,4.2583607974039434e-10,0.0,7.270372093128684e-11,1.1632595349005894e-10,221150225359.74567,221150225359.74567,573738099.9353269,5000000,0
113,Dacalda,335939173.4371332,0.0,0.0,109845288142.55676,83277238890.62172,72225.6,72225.6,0.0,0.0,0.0,0.0,0.0,1447850.743815238,20149.25618476211,178085.64148927425,106400.0,0.0,0.0,0.0,0.0,0.0,221150225359.74567,221150225359.74567,387568264.72173727,2000000,0
114,DAMFI,162699435.99999997,0.0,0.0,109845288142.55676,83277238890.62172,90281.99999999999,90281.99999999999,0.0,0.0,0.0,0.0,0.0,0.0,734000.0,0.0,53200.0,0.0,0.0,0.0,0.0,0.0,221150225359.74567,221150225359.74567,60823028.16,1000000,0
115,Dasa,325398872.0,0.0,0.0,109845288142.55676,83277238890.62172,180564.0,180564.0,0.0,0.0,0.0,0.0,0.0,0.0,1468000.0,0.0,106400.0,0.0,0.0,0.0,0.0,0.0,221150225359.74567,221150225359.74567,121646056.32,2000000,0
116,Della Coletta,335939173.4371332,0.0,0.0,109845288142.55676,83277238890.62172,72225.6,72225.6,0.0,0.0,0.0,0.0,0.0,1447850.743815238,20149.25618476211,178085.64148927425,106400.0,0.0,0.0,0.0,0.0,0.0,221150225359.74567,221150225359.74567,387568264.72173727,2000000,0
117,Delta - Unidade Delta,824184167.2988001,0.0,0.0,109845288142.55676,83277238890.62172,341563.8906,341563.8906,0.0,0.0,0.0,0.0,0.0,1468000.0000000012,2201999.999999999,180564.00000000012,266000.0,0.0,0.0,0.0,0.0,0.0,221150225359.74567,221150225359.74567,573738099.9353284,5000000,0
118,Delta - Unidade Volta Grande,824184167.2988001,0.0,0.0,109845288142.55676,83277238890.62172,341563.8906,341563.8906,0.0,0.0,0.0,0.0,0.0,1468000.0000000012,2201999.999999999,180564.00000000012,266000.0,0.0,0.0,0.0,0.0,0.0,221150225359.74567,221150225359.74567,573738099.9353284,5000000,0
119,Denusa,325398872.0,0.0,0.0,109845288142.55676,83277238890.62172,180564.0,180564.0,0.0,0.0,0.0,0.0,0.0,0.0,1468000.0,0.0,106400.0,0.0,0.0,0.0,0.0,0.0,221150225359.74567,221150225359.74567,121646056.32,2000000,0
120,Destilaria Alternativa,162699435.99999997,0.0,0.0,109845288142.55676,83277238890.62172,90281.99999999999,90281.99999999999,0.0,0.0,0.0,0.0,0.0,0.0,734000.0,0.0,53200.0,0.0,0.0,0.0,0.0,0.0,221150225359.74567,221150225359.74567,60823028.16,1000000,0
121,Diana,335939173.4371332,0.0,0.0,109845288142.55676,83277238890.62172,72225.6,72225.6,0.0,0.0,0.0,0.0,0.0,1447850.743815238,20149.25618476211,178085.64148927425,106400.0,0.0,0.0,0.0,0.0,0.0,221150225359.74567,221150225359.74567,387568264.72173727,2000000,0
122,D'Pádua,162699435.99999997,0.0,0.0,109845288142.55676,83277238890.62172,90281.99999999999,0.0,0.0,0.0,90282.0,0.0,0.0,0.0,734000.0,0.0,53200.0,0.0,0.0,0.0,0.0,0.0,221150225359.74567,221150225359.74567,60823028.160000026,1000000,0
123,Eldorado,671878346.8742664,0.0,0.0,109845288142.55676,83277238890.62172,144451.2,144451.2,0.0,0.0,0.0,0.0,0.0,2895701.487630476,40298.51236952422,356171.2829785485,212800.0,0.0,0.0,0.0,0.0,0.0,221150225359.74567,221150225359.74567,775136529.4434745,4000000,0
124,Energética Serranópolis,167969586.71856663,0.0,0.0,109845288142.55676,83277238890.62172,36112.8,36112.8,0.0,0.0,0.0,0.0,0.0,723925.3719076191,10074.628092380939,89042.82074463714,53200.0,0.0,0.0,0.0,0.0,0.0,221150225359.74567,221150225359.74567,193784132.3608686,1000000,0
125,Engenho Meneghetti,162699435.99999997,0.0,0.0,109845288142.55676,83277238890.62172,90281.99999999999,90281.99999999999,0.0,0.0,0.0,0.0,0.0,0.0,734000.0,0.0,53200.0,0.0,0.0,0.0,0.0,0.0,221150225359.74567,221150225359.74567,60823028.16,1000000,0
126,Ester,494510500.37928003,0.0,0.0,109845288142.55676,83277238890.62172,204938.33435999998,0.0,0.0,0.0,204938.33435999998,0.0,0.0,880800.0000000002,1321199.9999999998,108338.40000000002,159600.0,0.0,0.0,0.0,0.0,0.0,221150225359.74567,221150225359.74567,344242859.96119684,3000000,0
127,ETH - Conquista do Pontal,824184167.2988001,0.0,0.0,109845288142.55676,83277238890.62172,341563.8906,341563.8906,0.0,0.0,0.0,0.0,0.0,1468000.0000000012,2201999.999999999,180564.00000000012,266000.0,0.0,0.0,0.0,0.0,0.0,221150225359.74567,221150225359.74567,573738099.9353284,5000000,0
128,ETH - UNIDADE COSTA RICA,650797744.0,0.0,0.0,109845288142.55676,83277238890.62172,361128.0,361128.0,0.0,0.0,0.0,0.0,0.0,0.0,2936000.0,0.0,212800.0,0.0,0.0,0.0,0.0,0.0,221150225359.74567,221150225359.74567,243292112.64,4000000,0
129,ETH BIOENERGIA,813497180.0,0.0,0.0,109845288142.55676,83277238890.62172,451410.0,451410.0,0.0,0.0,0.0,0.0,0.0,0.0,3670000.0,0.0,266000.0,0.0,0.0,0.0,0.0,0.0,221150225359.74567,221150225359.74567,304115140.8000002,5000000,0
130,Fátima do Sul Agroenergética,325398872.0,0.0,0.0,109845288142.55676,83277238890.62172,180564.0,180564.0,0.0,0.0,0.0,0.0,0.0,0.0,1468000.0,0.0,106400.0,0.0,0.0,0.0,0.0,0.0,221150225359.74567,221150225359.74567,121646056.32,2000000,0
131,Ferrari / São Marino,671878346.8742664,0.0,0.0,109845288142.55676,83277238890.62172,144451.2,144451.2,0.0,0.0,0.0,0.0,0.0,2895701.487630476,40298.51236952422,356171.2829785485,212800.0,0.0,0.0,0.0,0.0,0.0,221150225359.74567,221150225359.74567,775136529.4434745,4000000,0
132,Figueira - Alcoazul,335939173.4371332,0.0,0.0,109845288142.55676,83277238890.62172,72225.6,72225.6,0.0,0.0,0.0,0.0,0.0,1447850.743815238,20149.25618476211,178085.64148927425,106400.0,0.0,0.0,0.0,0.0,0.0,221150225359.74567,221150225359.74567,387568264.72173727,2000000,0
133,Figueira - Generalco,325398872.0,0.0,0.0,109845288142.55676,83277238890.62172,180564.0,180564.0,0.0,0.0,0.0,0.0,0.0,0.0,1468000.0,0.0,106400.0,0.0,0.0,0.0,0.0,0.0,221150225359.74567,221150225359.74567,121646056.32,2000000,0
134,Floresta,325398872.0,0.0,0.0,109845288142.55676,83277238890.62172,180564.0,180564.0,0.0,0.0,0.0,0.0,0.0,0.0,1468000.0,0.0,106400.0,0.0,0.0,0.0,0.0,0.0,221150225359.74567,221150225359.74567,121646056.32,2000000,0
135,Frutal Açúcar e Álcool,335939173.4371332,0.0,0.0,109845288142.55676,83277238890.62172,72225.6,72225.6,0.0,0.0,0.0,0.0,0.0,1447850.743815238,20149.25618476211,178085.64148927425,106400.0,0.0,0.0,0.0,0.0,0.0,221150225359.74567,221150225359.74567,387568264.72173727,2000000,0
136,Furlan,335939173.4371453,2.861991457205031e-06,7.507279824423878e-07,109845288142.55676,83277238890.62172,72225.6,72225.59999998764,1.237592353440429e-08,2.1542505335487904e-08,0.0,0.0,0.0,1447850.743815238,20149.25618476211,178085.64148927425,106400.0,1.3906555836655798e-08,1.3906555836655798e-08,0.0,2.3742900208924536e-09,3.798864033427926e-09,221150225359.74567,221150225359.74567,387568264.72170144,2000000,0
137,Goianésia,167969586.71856663,0.0,0.0,109845288142.55676,83277238890.62172,36112.8,36112.8,0.0,0.0,0.0,0.0,0.0,723925.3719076191,10074.628092380939,89042.82074463714,53200.0,0.0,0.0,0.0,0.0,0.0,221150225359.74567,221150225359.74567,193784132.3608686,1000000,0
138,Goiasa,824184167.2988001,0.0,0.0,109845288142.55676,83277238890.62172,341563.8906,341563.8906,0.0,0.0,0.0,0.0,0.0,1468000.0000000012,2201999.999999999,180564.00000000012,266000.0,0.0,0.0,0.0,0.0,0.0,221150225359.74567,221150225359.74567,573738099.9353284,5000000,0
139,Grizzo,162699435.99999997,0.0,0.0,109845288142.55676,83277238890.62172,90281.99999999999,0.0,0.0,0.0,90281.99999999999,0.0,0.0,0.0,734000.0,0.0,53200.0,0.0,0.0,0.0,0.0,0.0,221150225359.74567,221150225359.74567,60823028.16,1000000,0
140,Guaíra,659347333.83904,0.0,0.0,109845288142.55676,83277238890.62172,273251.11248000007,273251.11248000007,0.0,0.0,0.0,0.0,0.0,1174399.9999999993,1761600.0000000007,144451.1999999999,212800.0,0.0,0.0,0.0,0.0,0.0,221150225359.74567,221150225359.74567,458990479.9482622,4000000,0
141,Guarani - Unidade Cruz Alta,906602584.0286801,0.0,0.0,109845288142.55676,83277238890.62172,375720.27966,375720.27966,0.0,0.0,0.0,0.0,0.0,1614800.0000000002,2422200.0,198620.40000000002,292600.0,0.0,0.0,0.0,0.0,0.0,221150225359.74567,221150225359.74567,631111909.9288609,5500000,0
142,Guarani - Unidade Mandu Guaíra,671878346.8742664,0.0,0.0,109845288142.55676,83277238890.62172,144451.2,144451.2,0.0,0.0,0.0,0.0,0.0,2895701.487630476,40298.51236952422,356171.2829785485,212800.0,0.0,0.0,0.0,0.0,0.0,221150225359.74567,221150225359.74567,775136529.4434745,4000000,0
143,Guarani - Unidade Severinia,503908760.15569985,0.0,0.0,109845288142.55676,83277238890.62172,108338.40000000001,108338.40000000001,0.0,0.0,0.0,0.0,0.0,2171776.115722857,30223.88427714305,267128.4622339114,159600.0,0.0,0.0,0.0,0.0,0.0,221150225359.74567,221150225359.74567,581352397.0826057,3000000,0
144,Guarani - Unidade Tanabi,335939173.4371332,0.0,0.0,109845288142.55676,83277238890.62172,72225.6,72225.6,0.0,0.0,0.0,0.0,0.0,1447850.743815238,20149.25618476211,178085.64148927425,106400.0,0.0,0.0,0.0,0.0,0.0,221150225359.74567,221150225359.74567,387568264.72173727,2000000,0
145,Guariroba,335939173.4371332,0.0,0.0,109845288142.55676,83277238890.62172,72225.6,72225.6,0.0,0.0,0.0,0.0,0.0,1447850.743815238,20149.25618476211,178085.64148927425,106400.0,0.0,0.0,0.0,0.0,0.0,221150225359.74567,221150225359.74567,387568264.72173727,2000000,0
146,Iacanga,671878346.8742664,0.0,0.0,109845288142.55676,83277238890.62172,144451.2,144451.2,0.0,0.0,0.0,0.0,0.0,2895701.487630476,40298.51236952422,356171.2829785485,212800.0,0.0,0.0,0.0,0.0,0.0,221150225359.74567,221150225359.74567,775136529.4434745,4000000,0
147,IACO,488098308.0,0.0,0.0,109845288142.55676,83277238890.62172,270846.0,270846.0,0.0,0.0,0.0,0.0,0.0,0.0,2202000.0,0.0,159600.0,0.0,0.0,0.0,0.0,0.0,221150225359.74567,221150225359.74567,182469084.48000002,3000000,0
148,Ibaiti,325398872.0,0.0,0.0,109845288142.55676,83277238890.62172,180564.0,180564.0,0.0,0.0,0.0,0.0,0.0,0.0,1468000.0,0.0,106400.0,0.0,0.0,0.0,0.0,0.0,221150225359.74567,221150225359.74567,121646056.32,2000000,0
149,Ibéria,325398872.0,0.0,0.0,109845288142.55676,83277238890.62172,180564.0,180564.0,0.0,0.0,0.0,0.0,0.0,0.0,1468000.0,0.0,106400.0,0.0,0.0,0.0,0.0,0.0,221150225359.74567,221150225359.74567,121646056.32,2000000,0
150,Ibirá,167969586.71856663,0.0,0.0,109845288142.55676,83277238890.62172,36112.8,36112.8,0.0,0.0,0.0,0.0,0.0,723925.3719076191,10074.628092380939,89042.82074463714,53200.0,0.0,0.0,0.0,0.0,0.0,221150225359.74567,221150225359.74567,193784132.3608686,1000000,0
151,IMCOPA,162699435.99999997,0.0,0.0,109845288142.55676,83277238890.62172,90281.99999999999,90281.99999999999,0.0,0.0,0.0,0.0,0.0,0.0,734000.0,0.0,53200.0,0.0,0.0,0.0,0.0,0.0,221150225359.74567,221150225359.74567,60823028.16,1000000,0
152,Interlagos,488098308.0,0.0,0.0,109845288142.55676,83277238890.62172,270846.0,270846.0,0.0,0.0,0.0,0.0,0.0,0.0,2202000.0,0.0,159600.0,0.0,0.0,0.0,0.0,0.0,221150225359.74567,221150225359.74567,182469084.48000002,3000000,0
153,Ipê,325398872.0,0.0,0.0,109845288142.55676,83277238890.62172,180564.0,180564.0,0.0,0.0,0.0,0.0,0.0,0.0,1468000.0,0.0,106400.0,0.0,0.0,0.0,0.0,0.0,221150225359.74567,221150225359.74567,121646056.32,2000000,0
154,Ipiranga,335939173.4371332,0.0,0.0,109845288142.55676,83277238890.62172,72225.6,65129.69359555595,0.0,0.0,7095.906404444054,0.0,0.0,1447850.743815238,20149.25618476211,178085.64148927425,106400.0,0.0,0.0,0.0,0.0,0.0,221150225359.74567,221150225359.74567,387568264.72173715,2000000,0
155,Ipiranga II - Santo Alexandre,335939173.4371332,0.0,0.0,109845288142.55676,83277238890.62172,72225.6,72225.6,0.0,0.0,0.0,0.0,0.0,1447850.743815238,20149.25618476211,178085.64148927425,106400.0,0.0,0.0,0.0,0.0,0.0,221150225359.74567,221150225359.74567,387568264.72173727,2000000,0
156,Ipojuca,167969586.71856663,0.0,0.0,109845288142.55676,83277238890.62172,36112.8,36112.8,0.0,0.0,0.0,0.0,0.0,723925.3719076191,10074.628092380939,89042.82074463714,53200.0,0.0,0.0,0.0,0.0,0.0,221150225359.74567,221150225359.74567,193784132.3608686,1000000,0
157,Iracema,494510500.37928003,0.0,0.0,109845288142.55676,83277238890.62172,204938.33435999998,0.0,0.0,0.0,204938.33435999998,0.0,0.0,880800.0000000002,1321199.9999999998,108338.40000000002,159600.0,0.0,0.0,0.0,0.0,0.0,221150225359.74567,221150225359.74567,344242859.96119684,3000000,0
158,Irmãos Malosso,162699435.99999997,0.0,0.0,109845288142.55676,83277238890.62172,90281.99999999999,90281.99999999999,0.0,0.0,0.0,0.0,0.0,0.0,734000.0,0.0,53200.0,0.0,0.0,0.0,0.0,0.0,221150225359.74567,221150225359.74567,60823028.16,1000000,0
159,Itajobi,335939173.4371332,0.0,0.0,109845288142.55676,83277238890.62172,72225.6,72225.6,0.0,0.0,0.0,0.0,0.0,1447850.743815238,20149.25618476211,178085.64148927425,106400.0,0.0,0.0,0.0,0.0,0.0,221150225359.74567,221150225359.74567,387568264.72173727,2000000,0
160,Itajubara,162699435.99999997,0.0,0.0,109845288142.55676,83277238890.62172,90281.99999999999,90282.0,0.0,0.0,0.0,0.0,0.0,0.0,734000.0,0.0,53200.0,0.0,0.0,0.0,0.0,0.0,221150225359.74567,221150225359.74567,60823028.160000026,1000000,0
161,Itamarati,906602584.0286801,0.0,0.0,109845288142.55676,83277238890.62172,375720.27966,375720.27966,0.0,0.0,0.0,0.0,0.0,1614800.0000000002,2422200.0,198620.40000000002,292600.0,0.0,0.0,0.0,0.0,0.0,221150225359.74567,221150225359.74567,631111909.9288609,5500000,0
162,Itapagipe,503908760.15569985,0.0,0.0,109845288142.55676,83277238890.62172,108338.40000000001,108338.40000000001,0.0,0.0,0.0,0.0,0.0,2171776.115722857,30223.88427714305,267128.4622339114,159600.0,0.0,0.0,0.0,0.0,0.0,221150225359.74567,221150225359.74567,581352397.0826057,3000000,0
163,Ituiutaba,335939173.4371332,0.0,0.0,109845288142.55676,83277238890.62172,72225.6,72225.6,0.0,0.0,0.0,0.0,0.0,1447850.743815238,20149.25618476211,178085.64148927425,106400.0,0.0,0.0,0.0,0.0,0.0,221150225359.74567,221150225359.74567,387568264.72173727,2000000,0
164,Itumbiara,503908760.15569985,0.0,0.0,109845288142.55676,83277238890.62172,108338.40000000001,108338.40000000001,0.0,0.0,0.0,0.0,0.0,2171776.115722857,30223.88427714305,267128.4622339114,159600.0,0.0,0.0,0.0,0.0,0.0,221150225359.74567,221150225359.74567,581352397.0826057,3000000,0
165,Jacarezinho,503908760.15569985,0.0,0.0,109845288142.55676,83277238890.62172,108338.40000000001,108338.40000000001,0.0,0.0,0.0,0.0,0.0,2171776.115722857,30223.88427714305,267128.4622339114,159600.0,0.0,0.0,0.0,0.0,0.0,221150225359.74567,221150225359.74567,581352397.0826057,3000000,0
166,Jalles Machado,503908760.15569985,0.0,0.0,109845288142.55676,83277238890.62172,108338.40000000001,108338.40000000001,0.0,0.0,0.0,0.0,0.0,2171776.115722857,30223.88427714305,267128.4622339114,159600.0,0.0,0.0,0.0,0.0,0.0,221150225359.74567,221150225359.74567,581352397.0826057,3000000,0
167,Jalles Machado - Otávio Lage,335939173.4371332,0.0,0.0,109845288142.55676,83277238890.62172,72225.6,72225.6,0.0,0.0,0.0,0.0,0.0,1447850.743815238,20149.25618476211,178085.64148927425,106400.0,0.0,0.0,0.0,0.0,0.0,221150225359.74567,221150225359.74567,387568264.72173727,2000000,0
168,Jatiboca,167969586.71856663,0.0,0.0,109845288142.55676,83277238890.62172,36112.8,36112.8,0.0,0.0,0.0,0.0,0.0,723925.3719076191,10074.628092380939,89042.82074463714,53200.0,0.0,0.0,0.0,0.0,0.0,221150225359.74567,221150225359.74567,193784132.3608686,1000000,0
169,Jayoro,167969586.71856663,0.0,0.0,109845288142.55676,83277238890.62172,36112.8,36112.8,0.0,0.0,0.0,0.0,0.0,723925.3719076191,10074.628092380939,89042.82074463714,53200.0,0.0,0.0,0.0,0.0,0.0,221150225359.74567,221150225359.74567,193784132.3608686,1000000,0
170,José Granelli,167969586.71856663,0.0,0.0,109845288142.55676,83277238890.62172,36112.8,36112.8,0.0,0.0,0.0,0.0,0.0,723925.3719076191,10074.628092380939,89042.82074463714,53200.0,0.0,0.0,0.0,0.0,0.0,221150225359.74567,221150225359.74567,193784132.3608686,1000000,0
171,Junco Novo,162699435.99999997,0.0,0.0,109845288142.55676,83277238890.62172,90281.99999999999,90281.99999999999,0.0,0.0,0.0,0.0,0.0,0.0,734000.0,0.0,53200.0,0.0,0.0,0.0,0.0,0.0,221150225359.74567,221150225359.74567,60823028.16,1000000,0
172,Lago Azul,162699435.99999997,0.0,0.0,109845288142.55676,83277238890.62172,90281.99999999999,90281.99999999999,0.0,0.0,0.0,0.0,0.0,0.0,734000.0,0.0,53200.0,0.0,0.0,0.0,0.0,0.0,221150225359.74567,221150225359.74567,60823028.16,1000000,0
173,Laguna,162699435.99999997,0.0,0.0,109845288142.55676,83277238890.62172,90281.99999999999,90281.99999999999,0.0,0.0,0.0,0.0,0.0,0.0,734000.0,0.0,53200.0,0.0,0.0,0.0,0.0,0.0,221150225359.74567,221150225359.74567,60823028.16,1000000,0
174,Lasa,162699435.99999997,0.0,0.0,109845288142.55676,83277238890.62172,90281.99999999999,90281.99999999999,0.0,0.0,0.0,0.0,0.0,0.0,734000.0,0.0,53200.0,0.0,0.0,0.0,0.0,0.0,221150225359.74567,221150225359.74567,60823028.16,1000000,0
175,Liberdade,167969586.71856663,0.0,0.0,109845288142.55676,83277238890.62172,36112.8,36112.8,0.0,0.0,0.0,0.0,0.0,723925.3719076191,10074.628092380939,89042.82074463714,53200.0,0.0,0.0,0.0,0.0,0.0,221150225359.74567,221150225359.74567,193784132.3608686,1000000,0
176,Londra,162699435.99999997,0.0,0.0,109845288142.55676,83277238890.62172,90281.99999999999,90281.99999999999,0.0,0.0,0.0,0.0,0.0,0.0,734000.0,0.0,53200.0,0.0,0.0,0.0,0.0,0.0,221150225359.74567,221150225359.74567,60823028.16,1000000,0
177,Lopes da Silva,162699435.99999997,0.0,0.0,109845288142.55676,83277238890.62172,90281.99999999999,0.0,0.0,0.0,90281.99999999999,0.0,0.0,0.0,734000.0,0.0,53200.0,0.0,0.0,0.0,0.0,0.0,221150225359.74567,221150225359.74567,60823028.16,1000000,0
178,Luso,162699435.99999997,0.0,0.0,109845288142.55676,83277238890.62172,90281.99999999999,90281.99999999999,0.0,0.0,0.0,0.0,0.0,0.0,734000.0,0.0,53200.0,0.0,0.0,0.0,0.0,0.0,221150225359.74567,221150225359.74567,60823028.16,1000000,0
179,Maity Bioenergia,167969586.71856663,0.0,0.0,109845288142.55676,83277238890.62172,36112.8,36112.8,0.0,0.0,0.0,0.0,0.0,723925.3719076191,10074.628092380939,89042.82074463714,53200.0,0.0,0.0,0.0,0.0,0.0,221150225359.74567,221150225359.74567,193784132.3608686,1000000,0
180,Mandacaru,335939173.4371332,0.0,1.1258095162920655e-09,109845288142.55676,83277238890.62172,72225.6,72225.6,0.0,0.0,0.0,0.0,0.0,1447850.743815238,20149.25618476211,178085.64148927425,106400.0,0.0,0.0,0.0,0.0,0.0,221150225359.74567,221150225359.74567,387568264.72173727,2000000,0
181,Marituba,167969586.71856663,0.0,0.0,109845288142.55676,83277238890.62172,36112.8,36112.8,0.0,0.0,0.0,0.0,0.0,723925.3719076191,10074.628092380939,89042.82074463714,53200.0,0.0,0.0,0.0,0.0,0.0,221150225359.74567,221150225359.74567,193784132.3608686,1000000,0
182,Melhoramento Ivaí,335939173.4371332,0.0,0.0,109845288142.55676,83277238890.62172,72225.6,72225.6,0.0,0.0,0.0,0.0,0.0,1447850.743815238,20149.25618476211,178085.64148927425,106400.0,0.0,0.0,0.0,0.0,0.0,221150225359.74567,221150225359.74567,387568264.72173727,2000000,0
183,Miriri,162699435.99999997,0.0,0.0,109845288142.55676,83277238890.62172,90281.99999999999,50492.31448552628,0.0,0.0,39789.685514473706,0.0,0.0,0.0,734000.0,0.0,53200.0,0.0,0.0,0.0,0.0,0.0,221150225359.74567,221150225359.74567,60823028.16,1000000,0
184,Moema,824184167.2988001,0.0,0.0,109845288142.55676,83277238890.62172,341563.8906,341563.8906,0.0,0.0,0.0,0.0,0.0,1468000.0000000012,2201999.999999999,180564.00000000012,266000.0,0.0,0.0,0.0,0.0,0.0,221150225359.74567,221150225359.74567,573738099.9353284,5000000,0
185,Monte Alegre - Monte Belo,167969586.71856663,0.0,0.0,109845288142.55676,83277238890.62172,36112.8,36112.8,0.0,0.0,0.0,0.0,0.0,723925.3719076191,10074.628092380939,89042.82074463714,53200.0,0.0,0.0,0.0,0.0,0.0,221150225359.74567,221150225359.74567,193784132.3608686,1000000,0
186,Monte Alegre,189203793.45975205,7320077.261044416,1563335.321620986,109845288142.55676,83277238890.62172,68312.77812000002,0.5829980490379967,68312.19512192893,0.0,2.204615157097578e-08,0.0,0.0,293599.99999999994,440400.00000000006,36112.79999999999,53200.0,28007.999999990865,28007.999999990865,0.0,4781.853658535026,7650.965853656041,221150225359.74567,221150225359.74567,41069714.614177436,1000000,0
187,Monterey,162699435.99999997,0.0,0.0,109845288142.55676,83277238890.62172,90281.99999999999,90281.99999999999,0.0,0.0,0.0,0.0,0.0,0.0,734000.0,0.0,53200.0,0.0,0.0,0.0,0.0,0.0,221150225359.74567,221150225359.74567,60823028.16,1000000,0
188,Monteverde,167969586.71856663,0.0,0.0,109845288142.55676,83277238890.62172,36112.8,36112.8,0.0,0.0,0.0,0.0,0.0,723925.3719076191,10074.628092380939,89042.82074463714,53200.0,0.0,0.0,0.0,0.0,0.0,221150225359.74567,221150225359.74567,193784132.3608686,1000000,0
189,Moreno,494510500.37928003,0.0,0.0,109845288142.55676,83277238890.62172,204938.33435999998,204938.33435999922,0.0,0.0,7.614746589836405e-10,0.0,0.0,880800.0000000002,1321199.9999999998,108338.40000000002,159600.0,0.0,0.0,0.0,0.0,0.0,221150225359.74567,221150225359.74567,344242859.96119684,3000000,0
190,Nardini,671878346.8742664,0.0,0.0,109845288142.55676,83277238890.62172,144451.2,144451.2,0.0,0.0,0.0,0.0,0.0,2895701.487630476,40298.51236952422,356171.2829785485,212800.0,0.0,0.0,0.0,0.0,0.0,221150225359.74567,221150225359.74567,775136529.4434745,4000000,0
191,Nova Era,162699435.99999997,0.0,0.0,109845288142.55676,83277238890.62172,90281.99999999999,0.0,0.0,0.0,90281.99999999999,0.0,0.0,0.0,734000.0,0.0,53200.0,0.0,0.0,0.0,0.0,0.0,221150225359.74567,221150225359.74567,60823028.16,1000000,0
192,Nova Gália,325398872.0,0.0,0.0,109845288142.55676,83277238890.62172,180564.0,180564.0,0.0,0.0,0.0,0.0,0.0,0.0,1468000.0,0.0,106400.0,0.0,0.0,0.0,0.0,0.0,221150225359.74567,221150225359.74567,121646056.32,2000000,0
193,Nova Londrina - Ex Copagra,162699435.99999997,0.0,0.0,109845288142.55676,83277238890.62172,90281.99999999999,90281.99999999999,0.0,0.0,0.0,0.0,0.0,0.0,734000.0,0.0,53200.0,0.0,0.0,0.0,0.0,0.0,221150225359.74567,221150225359.74567,60823028.16,1000000,0
194,Nova Moreno,488098308.0,0.0,0.0,109845288142.55676,83277238890.62172,270846.0,270846.0,0.0,0.0,0.0,0.0,0.0,0.0,2202000.0,0.0,159600.0,0.0,0.0,0.0,0.0,0.0,221150225359.74567,221150225359.74567,182469084.48000002,3000000,0
195,Nova Produtiva,325398872.0,0.0,0.0,109845288142.55676,83277238890.62172,180564.0,180564.0,0.0,0.0,0.0,0.0,0.0,0.0,1468000.0,0.0,106400.0,0.0,0.0,0.0,0.0,0.0,221150225359.74567,221150225359.74567,121646056.32,2000000,0
196,Novo Milênio - Un. Lambari,162699435.99999997,0.0,0.0,109845288142.55676,83277238890.62172,90281.99999999999,90282.0,0.0,0.0,0.0,0.0,0.0,0.0,734000.0,0.0,53200.0,0.0,0.0,0.0,0.0,0.0,221150225359.74567,221150225359.74567,60823028.160000026,1000000,0
197,Novo Milênio - Un. Mirassol,162699435.99999997,0.0,0.0,109845288142.55676,83277238890.62172,90281.99999999999,90282.0,0.0,0.0,0.0,0.0,0.0,0.0,734000.0,0.0,53200.0,0.0,0.0,0.0,0.0,0.0,221150225359.74567,221150225359.74567,60823028.160000026,1000000,0
198,Ouroeste,335939173.4371332,0.0,0.0,109845288142.55676,83277238890.62172,72225.6,72225.6,0.0,0.0,0.0,0.0,0.0,1447850.743815238,20149.25618476211,178085.64148927425,106400.0,0.0,0.0,0.0,0.0,0.0,221150225359.74567,221150225359.74567,387568264.72173727,2000000,0
199,Pagrisa,167969586.71856663,0.0,0.0,109845288142.55676,83277238890.62172,36112.8,36112.8,0.0,0.0,0.0,0.0,0.0,723925.3719076191,10074.628092380939,89042.82074463714,53200.0,0.0,0.0,0.0,0.0,0.0,221150225359.74567,221150225359.74567,193784132.3608686,1000000,0
200,Paineiras,167969586.71856663,0.0,0.0,109845288142.55676,83277238890.62172,36112.8,36112.8,0.0,0.0,0.0,0.0,0.0,723925.3719076191,10074.628092380939,89042.82074463714,53200.0,0.0,0.0,0.0,0.0,0.0,221150225359.74567,221150225359.74567,193784132.3608686,1000000,0
201,Panorama,503908760.15569985,0.0,0.0,109845288142.55676,83277238890.62172,108338.40000000001,108338.40000000001,0.0,0.0,0.0,0.0,0.0,2171776.115722857,30223.88427714305,267128.4622339114,159600.0,0.0,0.0,0.0,0.0,0.0,221150225359.74567,221150225359.74567,581352397.0826057,3000000,0
202,Paraiso,162699435.99999997,0.0,0.0,109845288142.55676,83277238890.62172,90281.99999999999,90281.99999999999,0.0,0.0,0.0,0.0,0.0,0.0,734000.0,0.0,53200.0,0.0,0.0,0.0,0.0,0.0,221150225359.74567,221150225359.74567,60823028.16,1000000,0
203,Pederneiras,167969586.71856663,0.0,0.0,109845288142.55676,83277238890.62172,36112.8,36112.8,0.0,0.0,0.0,0.0,0.0,723925.3719076191,10074.628092380939,89042.82074463714,53200.0,0.0,0.0,0.0,0.0,0.0,221150225359.74567,221150225359.74567,193784132.3608686,1000000,0
204,Pedro Afonso - Bunge,488098308.0,0.0,0.0,109845288142.55676,83277238890.62172,270846.0,270846.0,0.0,0.0,0.0,0.0,0.0,0.0,2202000.0,0.0,159600.0,0.0,0.0,0.0,0.0,0.0,221150225359.74567,221150225359.74567,182469084.48000002,3000000,0
205,Penedo (Paisa),162699435.99999997,0.0,0.0,109845288142.55676,83277238890.62172,90281.99999999999,90281.99999999999,0.0,0.0,0.0,0.0,0.0,0.0,734000.0,0.0,53200.0,0.0,0.0,0.0,0.0,0.0,221150225359.74567,221150225359.74567,60823028.16,1000000,0
206,Perolândia - Brenco,650797744.0,0.0,0.0,109845288142.55676,83277238890.62172,361128.0,361128.0,0.0,0.0,0.0,0.0,0.0,0.0,2936000.0,0.0,212800.0,0.0,0.0,0.0,0.0,0.0,221150225359.74567,221150225359.74567,243292112.64,4000000,0
207,Petribú,335939173.4371332,0.0,0.0,109845288142.55676,83277238890.62172,72225.6,72225.6,0.0,0.0,0.0,0.0,0.0,1447850.743815238,20149.25618476211,178085.64148927425,106400.0,0.0,0.0,0.0,0.0,0.0,221150225359.74567,221150225359.74567,387568264.72173727,2000000,0
208,Pindorama,164836833.45976,0.0,0.0,109845288142.55676,83277238890.62172,68312.77812000002,2.3283064365386963e-10,0.0,0.0,68312.77811999978,0.0,0.0,293599.99999999994,440400.00000000006,36112.79999999999,53200.0,0.0,0.0,0.0,0.0,0.0,221150225359.74567,221150225359.74567,114747619.98706561,1000000,0
209,Pinheiro,167969586.71856663,0.0,0.0,109845288142.55676,83277238890.62172,36112.8,36112.8,0.0,0.0,0.0,0.0,0.0,723925.3719076191,10074.628092380939,89042.82074463714,53200.0,0.0,0.0,0.0,0.0,0.0,221150225359.74567,221150225359.74567,193784132.3608686,1000000,0
210,Pioneiros,335939173.4371332,0.0,0.0,109845288142.55676,83277238890.62172,72225.6,72225.6,0.0,0.0,0.0,0.0,0.0,1447850.743815238,20149.25618476211,178085.64148927425,106400.0,0.0,0.0,0.0,0.0,0.0,221150225359.74567,221150225359.74567,387568264.72173727,2000000,0
211,Pitangueiras,503908760.15569985,0.0,0.0,109845288142.55676,83277238890.62172,108338.40000000001,105056.85048036753,0.0,0.0,3281.5495196324773,0.0,0.0,2171776.115722857,30223.88427714305,267128.4622339114,159600.0,0.0,0.0,0.0,0.0,0.0,221150225359.74567,221150225359.74567,581352397.0826057,3000000,0
212,Porto Alegre,167969586.71856663,0.0,0.0,109845288142.55676,83277238890.62172,36112.8,36112.8,0.0,0.0,0.0,0.0,0.0,723925.3719076191,10074.628092380939,89042.82074463714,53200.0,0.0,0.0,0.0,0.0,0.0,221150225359.74567,221150225359.74567,193784132.3608686,1000000,0
213,Porto das Águas & Associados,894846898.0,0.0,0.0,109845288142.55676,83277238890.62172,496551.0,496551.0,0.0,0.0,0.0,0.0,0.0,0.0,4037000.0,0.0,292600.0,0.0,0.0,0.0,0.0,0.0,221150225359.74567,221150225359.74567,334526654.8800001,5500000,0
214,Porto Rico,335939173.4371332,0.0,0.0,109845288142.55676,83277238890.62172,72225.6,72225.6,0.0,0.0,0.0,0.0,0.0,1447850.743815238,20149.25618476211,178085.64148927425,106400.0,0.0,0.0,0.0,0.0,0.0,221150225359.74567,221150225359.74567,387568264.72173727,2000000,0
215,Pyles,162699435.99999997,0.0,0.0,109845288142.55676,83277238890.62172,90281.99999999999,90282.0,0.0,0.0,0.0,0.0,0.0,0.0,734000.0,0.0,53200.0,0.0,0.0,0.0,0.0,0.0,221150225359.74567,221150225359.74567,60823028.160000026,1000000,0
216,Quatá,503908760.15569985,0.0,0.0,109845288142.55676,83277238890.62172,108338.40000000001,108338.40000000001,0.0,0.0,0.0,0.0,0.0,2171776.115722857,30223.88427714305,267128.4622339114,159600.0,0.0,0.0,0.0,0.0,0.0,221150225359.74567,221150225359.74567,581352397.0826057,3000000,0
217,RAIZEN - Barra,1287513657.1782506,60592710.617843255,38151437.146567225,109845288142.55676,83277238890.62172,198620.4,0.0,198620.4,820950.4725150947,0.0,0.0,0.0,3981589.5454919045,55410.454508095514,489735.5140955042,292600.0,418024.05773118883,418024.05773118883,0.0,71369.96107605663,114191.9377216906,221150225359.74567,221150225359.74567,4.76837158203125e-07,5500000,0
218,RAIZEN - Benálcool,167969586.71856663,0.0,0.0,109845288142.55676,83277238890.62172,36112.8,36112.8,0.0,0.0,0.0,0.0,0.0,723925.3719076191,10074.628092380939,89042.82074463714,53200.0,0.0,0.0,0.0,0.0,0.0,221150225359.74567,221150225359.74567,193784132.3608686,1000000,0
219,RAIZEN - Bom Retiro,335939173.4371332,0.0,0.0,109845288142.55676,83277238890.62172,72225.6,72225.59999997847,0.0,0.0,2.1542505335487904e-08,0.0,0.0,1447850.743815238,20149.25618476211,178085.64148927425,106400.0,0.0,0.0,0.0,0.0,0.0,221150225359.74567,221150225359.74567,387568264.72173715,2000000,0
220,RAIZEN - Bonfim,824184167.2988001,0.0,0.0,109845288142.55676,83277238890.62172,341563.8906,0.0,0.0,0.0,341563.8906,0.0,0.0,1468000.0000000012,2201999.999999999,180564.00000000012,266000.0,0.0,0.0,0.0,0.0,0.0,221150225359.74567,221150225359.74567,573738099.9353284,5000000,0
221,RAIZEN - Caarapó S/A Açúcar e álcool,824184167.2988001,0.0,0.0,109845288142.55676,83277238890.62172,341563.8906,341563.8906,0.0,0.0,0.0,0.0,0.0,1468000.0000000012,2201999.999999999,180564.00000000012,266000.0,0.0,0.0,0.0,0.0,0.0,221150225359.74567,221150225359.74567,573738099.9353284,5000000,0
222,RAIZEN - Costa Pinto,813497180.0,0.0,0.0,109845288142.55676,83277238890.62172,451410.0,451410.0,0.0,0.0,0.0,0.0,0.0,0.0,3670000.0,0.0,266000.0,0.0,0.0,0.0,0.0,0.0,221150225359.74567,221150225359.74567,304115140.8000002,5000000,0
223,RAIZEN - Destivale,335939173.4371332,0.0,0.0,109845288142.55676,83277238890.62172,72225.6,72225.6,0.0,0.0,0.0,0.0,0.0,1447850.743815238,20149.25618476211,178085.64148927425,106400.0,0.0,0.0,0.0,0.0,0.0,221150225359.74567,221150225359.74567,387568264.72173727,2000000,0
224,RAIZEN - Diamante,329673666.91952,0.0,0.0,109845288142.55676,83277238890.62172,136625.55624000003,0.0,0.0,0.0,136625.55624000003,0.0,0.0,587199.9999999997,880800.0000000003,72225.59999999995,106400.0,0.0,0.0,0.0,0.0,0.0,221150225359.74567,221150225359.74567,229495239.9741311,2000000,0
225,RAIZEN - Gasa,671878346.8742664,0.0,0.0,109845288142.55676,83277238890.62172,144451.2,144451.2,0.0,0.0,0.0,0.0,0.0,2895701.487630476,40298.51236952422,356171.2829785485,212800.0,0.0,0.0,0.0,0.0,0.0,221150225359.74567,221150225359.74567,775136529.4434745,4000000,0
226,RAIZEN - Ibaté,329673666.91952,0.0,0.0,109845288142.55676,83277238890.62172,136625.55624000003,0.0,0.0,0.0,136625.55624000003,0.0,0.0,587199.9999999997,880800.0000000003,72225.59999999995,106400.0,0.0,0.0,0.0,0.0,0.0,221150225359.74567,221150225359.74567,229495239.9741311,2000000,0
227,RAIZEN - Ipaussu,503908760.15569985,0.0,0.0,109845288142.55676,83277238890.62172,108338.40000000001,108338.40000000001,0.0,0.0,0.0,0.0,0.0,2171776.115722857,30223.88427714305,267128.4622339114,159600.0,0.0,0.0,0.0,0.0,0.0,221150225359.74567,221150225359.74567,581352397.0826057,3000000,0
228,RAIZEN - Jataí,650797744.0,0.0,0.0,109845288142.55676,83277238890.62172,361128.0,361128.0,0.0,0.0,0.0,0.0,0.0,0.0,2936000.0,0.0,212800.0,0.0,0.0,0.0,0.0,0.0,221150225359.74567,221150225359.74567,243292112.64,4000000,0
229,RAIZEN - Junqueira,503908760.15569985,0.0,0.0,109845288142.55676,83277238890.62172,108338.40000000001,108338.40000000001,0.0,0.0,0.0,0.0,0.0,2171776.115722857,30223.88427714305,267128.4622339114,159600.0,0.0,0.0,0.0,0.0,0.0,221150225359.74567,221150225359.74567,581352397.0826057,3000000,0
230,RAIZEN - Maracaí,671878346.8742664,0.0,0.0,109845288142.55676,83277238890.62172,144451.2,144451.2,0.0,0.0,0.0,0.0,0.0,2895701.487630476,40298.51236952422,356171.2829785485,212800.0,0.0,0.0,0.0,0.0,0.0,221150225359.74567,221150225359.74567,775136529.4434745,4000000,0
231,RAIZEN - Mundial,335939173.4371332,0.0,0.0,109845288142.55676,83277238890.62172,72225.6,72225.6,0.0,0.0,0.0,0.0,0.0,1447850.743815238,20149.25618476211,178085.64148927425,106400.0,0.0,0.0,0.0,0.0,0.0,221150225359.74567,221150225359.74567,387568264.72173727,2000000,0
232,RAIZEN - Paraguaçú,503908760.15569985,0.0,0.0,109845288142.55676,83277238890.62172,108338.40000000001,108338.40000000001,0.0,0.0,0.0,0.0,0.0,2171776.115722857,30223.88427714305,267128.4622339114,159600.0,0.0,0.0,0.0,0.0,0.0,221150225359.74567,221150225359.74567,581352397.0826057,3000000,0
233,RAIZEN - Rafard,503908760.15569985,0.0,0.0,109845288142.55676,83277238890.62172,108338.40000000001,108338.40000000001,0.0,0.0,0.0,0.0,0.0,2171776.115722857,30223.88427714305,267128.4622339114,159600.0,0.0,0.0,0.0,0.0,0.0,221150225359.74567,221150225359.74567,581352397.0826057,3000000,0
234,RAIZEN - Santa Helena,335939173.4371332,0.0,0.0,109845288142.55676,83277238890.62172,72225.6,72225.6,0.0,0.0,0.0,0.0,0.0,1447850.743815238,20149.25618476211,178085.64148927425,106400.0,0.0,0.0,0.0,0.0,0.0,221150225359.74567,221150225359.74567,387568264.72173727,2000000,0
235,RAIZEN - TARUMÃ,824184167.2988001,0.0,3.3143535477574915e-10,109845288142.55676,83277238890.62172,341563.8906,341563.8906,0.0,0.0,0.0,0.0,0.0,1468000.0000000012,2201999.999999999,180564.00000000012,266000.0,0.0,0.0,0.0,0.0,0.0,221150225359.74567,221150225359.74567,573738099.9353284,5000000,0
236,RAIZEN - Univalem,503908760.15569985,0.0,0.0,109845288142.55676,83277238890.62172,108338.40000000001,108338.40000000001,0.0,0.0,0.0,0.0,0.0,2171776.115722857,30223.88427714305,267128.4622339114,159600.0,0.0,0.0,0.0,0.0,0.0,221150225359.74567,221150225359.74567,581352397.0826057,3000000,0
237,Raizen Energia - Paraíso,503908760.15569985,0.0,0.0,109845288142.55676,83277238890.62172,108338.40000000001,108338.40000000001,0.0,0.0,0.0,0.0,0.0,2171776.115722857,30223.88427714305,267128.4622339114,159600.0,0.0,0.0,0.0,0.0,0.0,221150225359.74567,221150225359.74567,581352397.0826057,3000000,0
238,Raizen Energia ¿ Santa Candida,503908760.15569985,0.0,0.0,109845288142.55676,83277238890.62172,108338.40000000001,108338.40000000001,0.0,0.0,0.0,0.0,0.0,2171776.115722857,30223.88427714305,267128.4622339114,159600.0,0.0,0.0,0.0,0.0,0.0,221150225359.74567,221150225359.74567,581352397.0826057,3000000,0
239,Renuka - São Pedro do Ivaí,488098308.0,0.0,0.0,109845288142.55676,83277238890.62172,270846.0,270846.0,0.0,0.0,0.0,0.0,0.0,0.0,2202000.0,0.0,159600.0,0.0,0.0,0.0,0.0,0.0,221150225359.74567,221150225359.74567,182469084.48000002,3000000,0
240,Renuka - Unidade Marialva,167969586.71856663,0.0,0.0,109845288142.55676,83277238890.62172,36112.8,36112.8,0.0,0.0,0.0,0.0,0.0,723925.3719076191,10074.628092380939,89042.82074463714,53200.0,0.0,0.0,0.0,0.0,0.0,221150225359.74567,221150225359.74567,193784132.3608686,1000000,0
241,Ribeirão,162699435.99999997,0.0,0.0,109845288142.55676,83277238890.62172,90281.99999999999,90281.99999999999,0.0,0.0,0.0,0.0,0.0,0.0,734000.0,0.0,53200.0,0.0,0.0,0.0,0.0,0.0,221150225359.74567,221150225359.74567,60823028.16,1000000,0
242,Rio Amambai,503908760.15569985,0.0,0.0,109845288142.55676,83277238890.62172,108338.40000000001,108338.40000000001,0.0,0.0,0.0,0.0,0.0,2171776.115722857,30223.88427714305,267128.4622339114,159600.0,0.0,0.0,0.0,0.0,0.0,221150225359.74567,221150225359.74567,581352397.0826057,3000000,0
243,Rio Claro de Goias,162699435.99999997,0.0,0.0,109845288142.55676,83277238890.62172,90281.99999999999,90281.99999999999,0.0,0.0,0.0,0.0,0.0,0.0,734000.0,0.0,53200.0,0.0,0.0,0.0,0.0,0.0,221150225359.74567,221150225359.74567,60823028.16,1000000,0
244,Rio do Cachimbo,162699435.99999997,0.0,0.0,109845288142.55676,83277238890.62172,90281.99999999999,90281.99999999999,0.0,0.0,0.0,0.0,0.0,0.0,734000.0,0.0,53200.0,0.0,0.0,0.0,0.0,0.0,221150225359.74567,221150225359.74567,60823028.16,1000000,0
245,Rio Pardo,325398872.0,0.0,0.0,109845288142.55676,83277238890.62172,180564.0,180564.0,0.0,0.0,0.0,0.0,0.0,0.0,1468000.0,0.0,106400.0,0.0,0.0,0.0,0.0,0.0,221150225359.74567,221150225359.74567,121646056.32,2000000,0
246,Rio Vermelho,503908760.15569985,0.0,0.0,109845288142.55676,83277238890.62172,108338.40000000001,108338.40000000001,0.0,0.0,0.0,0.0,0.0,2171776.115722857,30223.88427714305,267128.4622339114,159600.0,0.0,0.0,0.0,0.0,0.0,221150225359.74567,221150225359.74567,581352397.0826057,3000000,0
247,Rosa S/A,162699435.99999997,0.0,0.0,109845288142.55676,83277238890.62172,90281.99999999999,90281.99999999999,0.0,0.0,0.0,0.0,0.0,0.0,734000.0,0.0,53200.0,0.0,0.0,0.0,0.0,0.0,221150225359.74567,221150225359.74567,60823028.16,1000000,0
248,Santa Adélia,494510500.37928003,0.0,0.0,109845288142.55676,83277238890.62172,204938.33435999998,0.0,0.0,0.0,204938.33435999998,0.0,0.0,880800.0000000002,1321199.9999999998,108338.40000000002,159600.0,0.0,0.0,0.0,0.0,0.0,221150225359.74567,221150225359.74567,344242859.96119684,3000000,0
249,Santa Albertina,335939173.4371332,0.0,0.0,109845288142.55676,83277238890.62172,72225.6,72225.6,0.0,0.0,0.0,0.0,0.0,1447850.743815238,20149.25618476211,178085.64148927425,106400.0,0.0,0.0,0.0,0.0,0.0,221150225359.74567,221150225359.74567,387568264.72173727,2000000,0
250,Santa Clotilde,164836833.45976,0.0,0.0,109845288142.55676,83277238890.62172,68312.77812000002,68312.77812000002,0.0,0.0,0.0,0.0,0.0,293599.99999999994,440400.00000000006,36112.79999999999,53200.0,0.0,0.0,0.0,0.0,0.0,221150225359.74567,221150225359.74567,114747619.98706561,1000000,0
251,Santa Cruz - BA,162699435.99999997,0.0,0.0,109845288142.55676,83277238890.62172,90281.99999999999,90281.99999999999,0.0,0.0,0.0,0.0,0.0,0.0,734000.0,0.0,53200.0,0.0,0.0,0.0,0.0,0.0,221150225359.74567,221150225359.74567,60823028.16,1000000,0
252,Santa Cruz - SP,1084615089.285728,47910974.619762056,21323818.52570229,109845288142.55676,83277238890.62172,272270.13091771136,0.0,272270.13091771136,438941.7970044441,0.0,0.0,0.0,2394052.2723037815,1275947.7276962185,294468.4294933651,266000.0,291596.89044808375,291596.89044808375,0.0,49784.83495455089,79655.7359272814,221150225359.74567,221150225359.74567,4.76837158203125e-07,5000000,0
253,Santa Fé,503908760.15569985,0.0,0.0,109845288142.55676,83277238890.62172,108338.40000000001,108338.40000000001,0.0,0.0,0.0,0.0,0.0,2171776.115722857,30223.88427714305,267128.4622339114,159600.0,0.0,0.0,0.0,0.0,0.0,221150225359.74567,221150225359.74567,581352397.0826057,3000000,0
254,Santa Helena - Goias,488098308.0,0.0,0.0,109845288142.55676,83277238890.62172,270846.0,270846.0,0.0,0.0,0.0,0.0,0.0,0.0,2202000.0,0.0,159600.0,0.0,0.0,0.0,0.0,0.0,221150225359.74567,221150225359.74567,182469084.48000002,3000000,0
255,Santa Helena - Nova Andradina,488098308.0,0.0,0.0,109845288142.55676,83277238890.62172,270846.0,270846.0,0.0,0.0,0.0,0.0,0.0,0.0,2202000.0,0.0,159600.0,0.0,0.0,0.0,0.0,0.0,221150225359.74567,221150225359.74567,182469084.48000002,3000000,0
256,Santa Inês,162699435.99999997,0.0,0.0,109845288142.55676,83277238890.62172,90281.99999999999,0.0,0.0,0.0,90281.99999999999,0.0,0.0,0.0,734000.0,0.0,53200.0,0.0,0.0,0.0,0.0,0.0,221150225359.74567,221150225359.74567,60823028.16,1000000,0
257,Santa Isabel,659347333.83904,0.0,0.0,109845288142.55676,83277238890.62172,273251.11248000007,273251.11248000007,0.0,0.0,0.0,0.0,0.0,1174399.9999999993,1761600.0000000007,144451.1999999999,212800.0,0.0,0.0,0.0,0.0,0.0,221150225359.74567,221150225359.74567,458990479.9482622,4000000,0
258,Santa Juliana,659347333.83904,0.0,0.0,109845288142.55676,83277238890.62172,273251.11248000007,273251.11248000007,0.0,0.0,0.0,0.0,0.0,1174399.9999999993,1761600.0000000007,144451.1999999999,212800.0,0.0,0.0,0.0,0.0,0.0,221150225359.74567,221150225359.74567,458990479.9482622,4000000,0
259,Santa Lúcia,164836833.45976,0.0,0.0,109845288142.55676,83277238890.62172,68312.77812000002,2.3283064365386963e-10,0.0,0.0,68312.77811999978,0.0,0.0,293599.99999999994,440400.00000000006,36112.79999999999,53200.0,0.0,0.0,0.0,0.0,0.0,221150225359.74567,221150225359.74567,114747619.98706561,1000000,0
260,Santa Luzia,894846898.0,0.0,0.0,109845288142.55676,83277238890.62172,496551.0,496551.0,0.0,0.0,0.0,0.0,0.0,0.0,4037000.0,0.0,292600.0,0.0,0.0,0.0,0.0,0.0,221150225359.74567,221150225359.74567,334526654.8800001,5500000,0
261,Santa Maria - Porto Calvo,167969586.71856663,0.0,0.0,109845288142.55676,83277238890.62172,36112.8,36112.8,0.0,0.0,0.0,0.0,0.0,723925.3719076191,10074.628092380939,89042.82074463714,53200.0,0.0,0.0,0.0,0.0,0.0,221150225359.74567,221150225359.74567,193784132.3608686,1000000,0
262,Santa Maria - Medeiros Neto,162699435.99999997,0.0,0.0,109845288142.55676,83277238890.62172,90281.99999999999,90281.99999999999,0.0,0.0,0.0,0.0,0.0,0.0,734000.0,0.0,53200.0,0.0,0.0,0.0,0.0,0.0,221150225359.74567,221150225359.74567,60823028.16,1000000,0
263,Santa Maria - Cerquilho,335939173.4371332,0.0,0.0,109845288142.55676,83277238890.62172,72225.6,72225.6,0.0,0.0,0.0,0.0,0.0,1447850.743815238,20149.25618476211,178085.64148927425,106400.0,0.0,0.0,0.0,0.0,0.0,221150225359.74567,221150225359.74567,387568264.72173727,2000000,0
264,Santa Maria - Manduri,162699435.99999997,0.0,0.0,109845288142.55676,83277238890.62172,90281.99999999999,90281.99999999999,0.0,0.0,0.0,0.0,0.0,0.0,734000.0,0.0,53200.0,0.0,0.0,0.0,0.0,0.0,221150225359.74567,221150225359.74567,60823028.16,1000000,0
265,Santa Rita,503908760.15569985,0.0,0.0,109845288142.55676,83277238890.62172,108338.40000000001,108338.40000000001,0.0,0.0,0.0,0.0,0.0,2171776.115722857,30223.88427714305,267128.4622339114,159600.0,0.0,0.0,0.0,0.0,0.0,221150225359.74567,221150225359.74567,581352397.0826057,3000000,0
266,Santa Terezinha - Un. Cidade Gaúcha,335939173.4371332,0.0,0.0,109845288142.55676,83277238890.62172,72225.6,72225.6,0.0,0.0,0.0,0.0,0.0,1447850.743815238,20149.25618476211,178085.64148927425,106400.0,0.0,0.0,0.0,0.0,0.0,221150225359.74567,221150225359.74567,387568264.72173727,2000000,0
267,Santa Terezinha - Un. Ivaté,335939173.4371332,0.0,0.0,109845288142.55676,83277238890.62172,72225.6,72225.6,0.0,0.0,0.0,0.0,0.0,1447850.743815238,20149.25618476211,178085.64148927425,106400.0,0.0,0.0,0.0,0.0,0.0,221150225359.74567,221150225359.74567,387568264.72173727,2000000,0
268,Santa Terezinha - Un. Maringá,335939173.4371332,0.0,0.0,109845288142.55676,83277238890.62172,72225.6,72225.6,0.0,0.0,0.0,0.0,0.0,1447850.743815238,20149.25618476211,178085.64148927425,106400.0,0.0,0.0,0.0,0.0,0.0,221150225359.74567,221150225359.74567,387568264.72173727,2000000,0
269,Santa Terezinha - Un. Paranacity,494510500.37928003,0.0,0.0,109845288142.55676,83277238890.62172,204938.33435999998,204938.33435999998,0.0,0.0,0.0,0.0,0.0,880800.0000000002,1321199.9999999998,108338.40000000002,159600.0,0.0,0.0,0.0,0.0,0.0,221150225359.74567,221150225359.74567,344242859.96119684,3000000,0
270,Santa Terezinha - Un. Rondon,335939173.4371332,0.0,0.0,109845288142.55676,83277238890.62172,72225.6,72225.6,0.0,0.0,0.0,0.0,0.0,1447850.743815238,20149.25618476211,178085.64148927425,106400.0,0.0,0.0,0.0,0.0,0.0,221150225359.74567,221150225359.74567,387568264.72173727,2000000,0
271,Santa Terezinha - Un. São Tomé,162699435.99999997,0.0,0.0,109845288142.55676,83277238890.62172,90281.99999999999,90281.99999999999,0.0,0.0,0.0,0.0,0.0,0.0,734000.0,0.0,53200.0,0.0,0.0,0.0,0.0,0.0,221150225359.74567,221150225359.74567,60823028.16,1000000,0
272,Santa Terezinha - Un. Tapejara,659347333.83904,0.0,0.0,109845288142.55676,83277238890.62172,273251.11248000007,273251.11248000007,0.0,0.0,0.0,0.0,0.0,1174399.9999999993,1761600.0000000007,144451.1999999999,212800.0,0.0,0.0,0.0,0.0,0.0,221150225359.74567,221150225359.74567,458990479.9482622,4000000,0
273,Santa Terezinha - Un. Terra Rica,335939173.4371332,0.0,0.0,109845288142.55676,83277238890.62172,72225.6,72225.6,0.0,0.0,0.0,0.0,0.0,1447850.743815238,20149.25618476211,178085.64148927425,106400.0,0.0,0.0,0.0,0.0,0.0,221150225359.74567,221150225359.74567,387568264.72173727,2000000,0
274,Santa Vitória,488098308.0,0.0,0.0,109845288142.55676,83277238890.62172,270846.0,270846.0,0.0,0.0,0.0,0.0,0.0,0.0,2202000.0,0.0,159600.0,0.0,0.0,0.0,0.0,0.0,221150225359.74567,221150225359.74567,182469084.48000002,3000000,0
275,Santo Angelo,503908760.15569985,0.0,0.0,109845288142.55676,83277238890.62172,108338.40000000001,108338.40000000001,0.0,0.0,0.0,0.0,0.0,2171776.115722857,30223.88427714305,267128.4622339114,159600.0,0.0,0.0,0.0,0.0,0.0,221150225359.74567,221150225359.74567,581352397.0826057,3000000,0
276,Santo Antonio,488098308.0,0.0,0.0,109845288142.55676,83277238890.62172,270846.0,270846.0,0.0,0.0,0.0,0.0,0.0,0.0,2202000.0,0.0,159600.0,0.0,0.0,0.0,0.0,0.0,221150225359.74567,221150225359.74567,182469084.48000002,3000000,0
277,Santo Antônio,335939173.4371332,0.0,0.0,109845288142.55676,83277238890.62172,72225.6,72225.6,0.0,0.0,0.0,0.0,0.0,1447850.743815238,20149.25618476211,178085.64148927425,106400.0,0.0,0.0,0.0,0.0,0.0,221150225359.74567,221150225359.74567,387568264.72173727,2000000,0
278,Santo Antonio - AB,494510500.37928003,0.0,0.0,109845288142.55676,83277238890.62172,204938.33435999998,0.0,0.0,0.0,204938.33435999998,0.0,0.0,880800.0000000002,1321199.9999999998,108338.40000000002,159600.0,0.0,0.0,0.0,0.0,0.0,221150225359.74567,221150225359.74567,344242859.96119684,3000000,0
279,São Carlos/Coopcana,839847933.592833,0.0,0.0,109845288142.55676,83277238890.62172,180564.0,180564.0,0.0,0.0,0.0,0.0,0.0,3619626.859538095,50373.14046190493,445214.10372318566,266000.0,0.0,0.0,0.0,0.0,0.0,221150225359.74567,221150225359.74567,968920661.804343,5000000,0
280,São Domingos,503908760.15569985,0.0,0.0,109845288142.55676,83277238890.62172,108338.40000000001,108338.40000000001,0.0,0.0,0.0,0.0,0.0,2171776.115722857,30223.88427714305,267128.4622339114,159600.0,0.0,0.0,0.0,0.0,0.0,221150225359.74567,221150225359.74567,581352397.0826057,3000000,0
281,São Fernando,923832726.9521163,0.0,0.0,109845288142.55676,83277238890.62172,198620.4,198620.4,0.0,0.0,0.0,0.0,0.0,3981589.5454919045,55410.454508095514,489735.5140955042,292600.0,0.0,0.0,0.0,0.0,0.0,221150225359.74567,221150225359.74567,1065812727.9847772,5500000,0
282,São Francisco (Barrinha),325398872.0,0.0,0.0,109845288142.55676,83277238890.62172,180564.0,0.0,0.0,0.0,180564.0,0.0,0.0,0.0,1468000.0,0.0,106400.0,0.0,0.0,0.0,0.0,0.0,221150225359.74567,221150225359.74567,121646056.32,2000000,0
283,São João,167969586.71856663,0.0,0.0,109845288142.55676,83277238890.62172,36112.8,36112.8,0.0,0.0,0.0,0.0,0.0,723925.3719076191,10074.628092380939,89042.82074463714,53200.0,0.0,0.0,0.0,0.0,0.0,221150225359.74567,221150225359.74567,193784132.3608686,1000000,0
284,São João de Araras,937077407.4079006,49362997.36387886,20579342.253452577,109845288142.55676,83277238890.62172,144451.2,0.0,144451.2,599028.0838060954,0.0,0.0,0.0,2895701.487630476,40298.51236952422,356171.2829785485,212800.0,304826.50636049913,304826.50636049913,0.0,52043.549866426685,83269.6797862827,221150225359.74567,221150225359.74567,4.76837158203125e-07,4000000,0
285,São Joaquim,162699435.99999997,0.0,0.0,109845288142.55676,83277238890.62172,90281.99999999999,90281.99999999997,0.0,0.0,1.4551915228366852e-11,0.0,0.0,0.0,734000.0,0.0,53200.0,0.0,0.0,0.0,0.0,0.0,221150225359.74567,221150225359.74567,60823028.16,1000000,0
286,São José,167969586.71856663,0.0,0.0,109845288142.55676,83277238890.62172,36112.8,36112.8,0.0,0.0,0.0,0.0,0.0,723925.3719076191,10074.628092380939,89042.82074463714,53200.0,0.0,0.0,0.0,0.0,0.0,221150225359.74567,221150225359.74567,193784132.3608686,1000000,0
287,São José Cia Energ.,671878346.8742664,0.0,0.0,109845288142.55676,83277238890.62172,144451.2,144451.2,0.0,0.0,0.0,0.0,0.0,2895701.487630476,40298.51236952422,356171.2829785485,212800.0,0.0,0.0,0.0,0.0,0.0,221150225359.74567,221150225359.74567,775136529.4434745,4000000,0
288,São José da Estiva,503908760.15569985,0.0,0.0,109845288142.55676,83277238890.62172,108338.40000000001,108338.40000000001,0.0,0.0,0.0,0.0,0.0,2171776.115722857,30223.88427714305,267128.4622339114,159600.0,0.0,0.0,0.0,0.0,0.0,221150225359.74567,221150225359.74567,581352397.0826057,3000000,0
289,São José ZL,659347333.83904,0.0,0.0,109845288142.55676,83277238890.62172,273251.11248000007,0.0,0.0,0.0,273251.11248000007,0.0,0.0,1174399.9999999993,1761600.0000000007,144451.1999999999,212800.0,0.0,0.0,0.0,0.0,0.0,221150225359.74567,221150225359.74567,458990479.9482622,4000000,0
290,São Judas Tadeu,325398872.0,0.0,1.7559786372760799e-09,109845288142.55676,83277238890.62172,180564.0,180564.0,0.0,0.0,0.0,0.0,0.0,0.0,1468000.0,0.0,106400.0,0.0,0.0,0.0,0.0,0.0,221150225359.74567,221150225359.74567,121646056.32,2000000,0
291,São Luiz - Ourinhos,494510500.37928003,0.0,0.0,109845288142.55676,83277238890.62172,204938.33435999998,204938.33435999998,0.0,0.0,0.0,0.0,0.0,880800.0000000002,1321199.9999999998,108338.40000000002,159600.0,0.0,0.0,0.0,0.0,0.0,221150225359.74567,221150225359.74567,344242859.96119684,3000000,0
292,São Manoel,659347333.83904,0.0,1.3120353863738283e-08,109845288142.55676,83277238890.62172,273251.11248000007,0.0,0.0,0.0,273251.11248000007,0.0,0.0,1174399.9999999993,1761600.0000000007,144451.1999999999,212800.0,0.0,0.0,0.0,0.0,0.0,221150225359.74567,221150225359.74567,458990479.9482622,4000000,0
293,São Martinho,1287399264.189001,60580402.72744367,38467928.88744214,109845288142.55676,83277238890.62172,198620.4,0.0,198620.4,820629.7744796324,0.0,0.0,0.0,3981589.5454919045,55410.454508095514,489735.5140955042,292600.0,417892.5715366493,417892.5715366493,0.0,71347.51221357427,114156.01954171882,221150225359.74567,221150225359.74567,4.76837158203125e-07,5500000,0
294,São Simão,335939173.4371332,0.0,0.0,109845288142.55676,83277238890.62172,72225.6,72225.6,0.0,0.0,0.0,0.0,0.0,1447850.743815238,20149.25618476211,178085.64148927425,106400.0,0.0,0.0,0.0,0.0,0.0,221150225359.74567,221150225359.74567,387568264.72173727,2000000,0
295,Seresta,335939173.4371332,0.0,0.0,109845288142.55676,83277238890.62172,72225.6,58005.81879740025,0.0,0.0,14219.781202599755,0.0,0.0,1447850.743815238,20149.25618476211,178085.64148927425,106400.0,0.0,0.0,0.0,0.0,0.0,221150225359.74567,221150225359.74567,387568264.72173715,2000000,0
296,Serra Grande,167969586.71856663,0.0,0.0,109845288142.55676,83277238890.62172,36112.8,36112.8,0.0,0.0,0.0,0.0,0.0,723925.3719076191,10074.628092380939,89042.82074463714,53200.0,0.0,0.0,0.0,0.0,0.0,221150225359.74567,221150225359.74567,193784132.3608686,1000000,0
297,Sinimbu,335939173.4371332,0.0,0.0,109845288142.55676,83277238890.62172,72225.6,72225.6,0.0,0.0,0.0,0.0,0.0,1447850.743815238,20149.25618476211,178085.64148927425,106400.0,0.0,0.0,0.0,0.0,0.0,221150225359.74567,221150225359.74567,387568264.72173727,2000000,0
298,SJC Bioenergia,488098308.0,0.0,0.0,109845288142.55676,83277238890.62172,270846.0,270846.0,0.0,0.0,0.0,0.0,0.0,0.0,2202000.0,0.0,159600.0,0.0,0.0,0.0,0.0,0.0,221150225359.74567,221150225359.74567,182469084.48000002,3000000,0
299,Sonora Estância,335939173.4371332,0.0,0.0,109845288142.55676,83277238890.62172,72225.6,72225.6,0.0,0.0,0.0,0.0,0.0,1447850.743815238,20149.25618476211,178085.64148927425,106400.0,0.0,0.0,0.0,0.0,0.0,221150225359.74567,221150225359.74567,387568264.72173727,2000000,0
300,Sumaúma,167969586.71856663,0.0,0.0,109845288142.55676,83277238890.62172,36112.8,36112.8,0.0,0.0,0.0,0.0,0.0,723925.3719076191,10074.628092380939,89042.82074463714,53200.0,0.0,0.0,0.0,0.0,0.0,221150225359.74567,221150225359.74567,193784132.3608686,1000000,0
301,Tabu,162699435.99999997,0.0,0.0,109845288142.55676,83277238890.62172,90281.99999999999,90281.99999999999,0.0,0.0,0.0,0.0,0.0,0.0,734000.0,0.0,53200.0,0.0,0.0,0.0,0.0,0.0,221150225359.74567,221150225359.74567,60823028.16,1000000,0
302,Taquari,162699435.99999997,0.0,0.0,109845288142.55676,83277238890.62172,90281.99999999999,90281.99999999999,0.0,0.0,0.0,0.0,0.0,0.0,734000.0,0.0,53200.0,0.0,0.0,0.0,0.0,0.0,221150225359.74567,221150225359.74567,60823028.16,1000000,0
303,TG,162699435.99999997,0.0,0.0,109845288142.55676,83277238890.62172,90281.99999999999,90282.0,0.0,0.0,0.0,0.0,0.0,0.0,734000.0,0.0,53200.0,0.0,0.0,0.0,0.0,0.0,221150225359.74567,221150225359.74567,60823028.160000026,1000000,0
304,TGM Destilaria,162699435.99999997,0.0,0.0,109845288142.55676,83277238890.62172,90281.99999999999,90281.99999999999,0.0,0.0,0.0,0.0,0.0,0.0,734000.0,0.0,53200.0,0.0,0.0,0.0,0.0,0.0,221150225359.74567,221150225359.74567,60823028.16,1000000,0
305,Trapiche,335939173.4371332,0.0,2.988312950124964e-10,109845288142.55676,83277238890.62172,72225.6,72225.6,0.0,0.0,0.0,0.0,0.0,1447850.743815238,20149.25618476211,178085.64148927425,106400.0,0.0,0.0,0.0,0.0,0.0,221150225359.74567,221150225359.74567,387568264.72173727,2000000,0
306,Tropical,824184167.2988001,0.0,0.0,109845288142.55676,83277238890.62172,341563.8906,341563.8906,0.0,0.0,0.0,0.0,0.0,1468000.0000000012,2201999.999999999,180564.00000000012,266000.0,0.0,0.0,0.0,0.0,0.0,221150225359.74567,221150225359.74567,573738099.9353284,5000000,0
307,Uberaba,325398872.0,0.0,0.0,109845288142.55676,83277238890.62172,180564.0,180564.0,0.0,0.0,0.0,0.0,0.0,0.0,1468000.0,0.0,106400.0,0.0,0.0,0.0,0.0,0.0,221150225359.74567,221150225359.74567,121646056.32,2000000,0
308,UMOE Bioenergy,488098308.0,0.0,0.0,109845288142.55676,83277238890.62172,270846.0,270846.0,0.0,0.0,0.0,0.0,0.0,0.0,2202000.0,0.0,159600.0,0.0,0.0,0.0,0.0,0.0,221150225359.74567,221150225359.74567,182469084.48000002,3000000,0
309,Una Açúcar,167969586.71856663,0.0,0.0,109845288142.55676,83277238890.62172,36112.8,36112.8,0.0,0.0,0.0,0.0,0.0,723925.3719076191,10074.628092380939,89042.82074463714,53200.0,0.0,0.0,0.0,0.0,0.0,221150225359.74567,221150225359.74567,193784132.3608686,1000000,0
310,Unialco,503908760.15569985,0.0,0.0,109845288142.55676,83277238890.62172,108338.40000000001,108338.40000000001,0.0,0.0,0.0,0.0,0.0,2171776.115722857,30223.88427714305,267128.4622339114,159600.0,0.0,0.0,0.0,0.0,0.0,221150225359.74567,221150225359.74567,581352397.0826057,3000000,0
311,União e Indústria,167969586.71856663,0.0,0.0,109845288142.55676,83277238890.62172,36112.8,36112.8,0.0,0.0,0.0,0.0,0.0,723925.3719076191,10074.628092380939,89042.82074463714,53200.0,0.0,0.0,0.0,0.0,0.0,221150225359.74567,221150225359.74567,193784132.3608686,1000000,0
312,Unidade Tietê,335939173.4371332,0.0,0.0,109845288142.55676,83277238890.62172,72225.6,72225.6,0.0,0.0,0.0,0.0,0.0,1447850.743815238,20149.25618476211,178085.64148927425,106400.0,0.0,0.0,0.0,0.0,0.0,221150225359.74567,221150225359.74567,387568264.72173727,2000000,0
313,Uruaçu,162699435.99999997,0.0,0.0,109845288142.55676,83277238890.62172,90281.99999999999,90281.99999999999,0.0,0.0,0.0,0.0,0.0,0.0,734000.0,0.0,53200.0,0.0,0.0,0.0,0.0,0.0,221150225359.74567,221150225359.74567,60823028.16,1000000,0
314,Usina Madhu(Equipav),894846898.0,0.0,0.0,109845288142.55676,83277238890.62172,496551.0,496551.0,0.0,0.0,0.0,0.0,0.0,0.0,4037000.0,0.0,292600.0,0.0,0.0,0.0,0.0,0.0,221150225359.74567,221150225359.74567,334526654.8800001,5500000,0
315,Usina Santa Isabel S/A - Fartura,503908760.15569985,0.0,0.0,109845288142.55676,83277238890.62172,108338.40000000001,108338.40000000001,0.0,0.0,0.0,0.0,0.0,2171776.115722857,30223.88427714305,267128.4622339114,159600.0,0.0,0.0,0.0,0.0,0.0,221150225359.74567,221150225359.74567,581352397.0826057,3000000,0
316,Usina Zanin,494510500.37928003,0.0,0.0,109845288142.55676,83277238890.62172,204938.33435999998,0.0,2.9103830456733704e-11,0.0,204938.33435999998,0.0,0.0,880800.0000000002,1321199.9999999998,108338.40000000002,159600.0,0.0,0.0,0.0,0.0,0.0,221150225359.74567,221150225359.74567,344242859.96119684,3000000,0
317,UTE - Iolando Leite,162699435.99999997,0.0,0.0,109845288142.55676,83277238890.62172,90281.99999999999,90281.99999999999,0.0,0.0,0.0,0.0,0.0,0.0,734000.0,0.0,53200.0,0.0,0.0,0.0,0.0,0.0,221150225359.74567,221150225359.74567,60823028.16,1000000,0
318,Vale do Paracatu,162699435.99999997,0.0,0.0,109845288142.55676,83277238890.62172,90281.99999999999,90281.99999999999,0.0,0.0,0.0,0.0,0.0,0.0,734000.0,0.0,53200.0,0.0,0.0,0.0,0.0,0.0,221150225359.74567,221150225359.74567,60823028.16,1000000,0
319,Vale do Paraná S/A Álcool e Açúcar,335939173.4371332,0.0,0.0,109845288142.55676,83277238890.62172,72225.6,72225.6,0.0,0.0,0.0,0.0,0.0,1447850.743815238,20149.25618476211,178085.64148927425,106400.0,0.0,0.0,0.0,0.0,0.0,221150225359.74567,221150225359.74567,387568264.72173727,2000000,0
320,Vale do Tijuco,503908760.15569985,0.0,0.0,109845288142.55676,83277238890.62172,108338.40000000001,108338.40000000001,0.0,0.0,0.0,0.0,0.0,2171776.115722857,30223.88427714305,267128.4622339114,159600.0,0.0,0.0,0.0,0.0,0.0,221150225359.74567,221150225359.74567,581352397.0826057,3000000,0
321,Vale do Verdão,671878346.8742664,0.0,0.0,109845288142.55676,83277238890.62172,144451.2,144451.2,0.0,0.0,0.0,0.0,0.0,2895701.487630476,40298.51236952422,356171.2829785485,212800.0,0.0,0.0,0.0,0.0,0.0,221150225359.74567,221150225359.74567,775136529.4434745,4000000,0
322,Vale Verde,325398872.0,0.0,0.0,109845288142.55676,83277238890.62172,180564.0,180564.0,0.0,0.0,0.0,0.0,0.0,0.0,1468000.0,0.0,106400.0,0.0,0.0,0.0,0.0,0.0,221150225359.74567,221150225359.74567,121646056.32,2000000,0
323,Vale Verde - Filial II,164836833.45976,0.0,0.0,109845288142.55676,83277238890.62172,68312.77812000002,0.0,0.0,0.0,68312.77812000002,0.0,0.0,293599.99999999994,440400.00000000006,36112.79999999999,53200.0,0.0,0.0,0.0,0.0,0.0,221150225359.74567,221150225359.74567,114747619.98706561,1000000,0
324,Veredas,162699435.99999997,0.0,0.0,109845288142.55676,83277238890.62172,90281.99999999999,90281.99999999999,0.0,0.0,0.0,0.0,0.0,0.0,734000.0,0.0,53200.0,0.0,0.0,0.0,0.0,0.0,221150225359.74567,221150225359.74567,60823028.16,1000000,0
325,Vertente,503908760.15569985,0.0,0.0,109845288142.55676,83277238890.62172,108338.40000000001,108338.40000000001,0.0,0.0,0.0,0.0,0.0,2171776.115722857,30223.88427714305,267128.4622339114,159600.0,0.0,0.0,0.0,0.0,0.0,221150225359.74567,221150225359.74567,581352397.0826057,3000000,0
326,Vicentina,162699435.99999997,0.0,0.0,109845288142.55676,83277238890.62172,90281.99999999999,90281.99999999999,0.0,0.0,0.0,0.0,0.0,0.0,734000.0,0.0,53200.0,0.0,0.0,0.0,0.0,0.0,221150225359.74567,221150225359.74567,60823028.16,1000000,0
327,Viralcool,503908760.15569985,0.0,0.0,109845288142.55676,83277238890.62172,108338.40000000001,108338.40000000001,0.0,0.0,0.0,0.0,0.0,2171776.115722857,30223.88427714305,267128.4622339114,159600.0,0.0,0.0,0.0,0.0,0.0,221150225359.74567,221150225359.74567,581352397.0826057,3000000,0
328,Viralcool / Castilho,503908760.15569985,0.0,0.0,109845288142.55676,83277238890.62172,108338.40000000001,108338.40000000001,0.0,0.0,0.0,0.0,0.0,2171776.115722857,30223.88427714305,267128.4622339114,159600.0,0.0,0.0,0.0,0.0,0.0,221150225359.74567,221150225359.74567,581352397.0826057,3000000,0
329,Virgolino de Oliveira,671878346.8742664,0.0,0.0,109845288142.55676,83277238890.62172,144451.2,144451.2,0.0,0.0,0.0,0.0,0.0,2895701.487630476,40298.51236952422,356171.2829785485,212800.0,0.0,0.0,0.0,0.0,0.0,221150225359.74567,221150225359.74567,775136529.4434745,4000000,0
330,Virgolino de Oliveira - Catanduva,834207103.0602559,0.0,0.0,109845288142.55676,83277238890.62172,238543.22936222758,238543.22936222758,0.0,0.0,0.0,0.0,0.0,2844783.6796689495,825216.3203310505,349908.39259928075,266000.0,0.0,0.0,0.0,0.0,0.0,221150225359.74567,221150225359.74567,826607643.3968865,5000000,0
331,Virgolino de Oliveira - Unid. Monções,503908760.15569985,0.0,0.0,109845288142.55676,83277238890.62172,108338.40000000001,108338.40000000001,0.0,0.0,0.0,0.0,0.0,2171776.115722857,30223.88427714305,267128.4622339114,159600.0,0.0,0.0,0.0,0.0,0.0,221150225359.74567,221150225359.74567,581352397.0826057,3000000,0
332,Virgolino Nossa Sra Aparecida,325398872.0,0.0,0.0,109845288142.55676,83277238890.62172,180564.0,180564.0,0.0,0.0,0.0,0.0,0.0,0.0,1468000.0,0.0,106400.0,0.0,0.0,0.0,0.0,0.0,221150225359.74567,221150225359.74567,121646056.32,2000000,0
333,Vista Alegre,335939173.4371332,0.0,0.0,109845288142.55676,83277238890.62172,72225.6,72225.6,0.0,0.0,0.0,0.0,0.0,1447850.743815238,20149.25618476211,178085.64148927425,106400.0,0.0,0.0,0.0,0.0,0.0,221150225359.74567,221150225359.74567,387568264.72173727,2000000,0
334,WD,335939173.4371332,0.0,0.0,109845288142.55676,83277238890.62172,72225.6,72225.6,0.0,0.0,0.0,0.0,0.0,1447850.743815238,20149.25618476211,178085.64148927425,106400.0,0.0,0.0,0.0,0.0,0.0,221150225359.74567,221150225359.74567,387568264.72173727,2000000,0
