,mills,OPEX,CAPEX,logistic,profit,additional costs,et,etmk,etsaf,etpc,etref,eta,etr,j1,j2,sug,el,SAF,SAF ref,SAF air,g,d,objective,sc cost,individual profit,capacity,incentives,payment
0,Abengoa - São João Bv,503908760.2,0,0,1.25E+11,94439190881,108338.4,0,0,0,108338.4,0,0,2171776.116,30223.88428,267128.4622,159600,0,0,0,0,0,2.38E+11,2.38E+11,581352397.1,3000000,0,0
1,Abengoa - São Luiz,503908760.2,0,0,1.25E+11,94439190881,108338.4,0,0,0,108338.4,0,0,2171776.116,30223.88428,267128.4622,159600,0,0,0,0,0,2.38E+11,2.38E+11,581352397.1,3000000,0,0
2,Adecoagro,839847933.6,0,0,1.25E+11,94439190881,180564,180564,0,0,0,0,0,3619626.86,50373.14046,445214.1037,266000,0,0,0,0,0,2.38E+11,2.38E+11,968920661.8,5000000,0,0
3,Agrisa,162699436,0,0,1.25E+11,94439190881,90282,90282,0,0,0,0,0,0,734000,0,53200,0,0,0,0,0,2.38E+11,2.38E+11,60823028.16,1000000,0,0
4,Agrocan,162699436,0,0,1.25E+11,94439190881,90282,90282,0,0,0,0,0,0,734000,0,53200,0,0,0,0,0,2.38E+11,2.38E+11,60823028.16,1000000,0,0
5,Agropaulo - Un. Jaguaruana,162699436,0,0,1.25E+11,94439190881,90282,90282,0,0,0,0,0,0,734000,0,53200,0,0,0,0,0,2.38E+11,2.38E+11,60823028.16,1000000,0,0
6,Agropeu,335939173.4,0,0,1.25E+11,94439190881,72225.6,72225.6,0,0,0,0,0,1447850.744,20149.25618,178085.6415,106400,0,0,0,0,0,2.38E+11,2.38E+11,387568264.7,2000000,0,0
7,Agrosserra,162699436,0,0,1.25E+11,94439190881,90282,90282,0,0,0,0,0,0,734000,0,53200,0,0,0,0,0,2.38E+11,2.38E+11,60823028.16,1000000,0,0
8,Água Bonita,335939173.4,0,0,1.25E+11,94439190881,72225.6,72225.6,0,0,0,0,0,1447850.744,20149.25618,178085.6415,106400,0,0,0,0,0,2.38E+11,2.38E+11,387568264.7,2000000,0,0
9,Alcoeste,167969586.7,0,0,1.25E+11,94439190881,36112.8,36112.8,0,0,0,0,0,723925.3719,10074.62809,89042.82074,53200,0,0,0,0,0,2.38E+11,2.38E+11,193784132.4,1000000,0,0
10,Alcon,167969586.7,0,0,1.25E+11,94439190881,36112.8,36112.8,0,0,0,0,0,723925.3719,10074.62809,89042.82074,53200,0,0,0,0,0,2.38E+11,2.38E+11,193784132.4,1000000,0,0
11,Alcoolquímica,335939173.4,0,0,1.25E+11,94439190881,72225.6,72225.6,0,0,0,0,0,1447850.744,20149.25618,178085.6415,106400,0,0,0,0,0,2.38E+11,2.38E+11,387568264.7,2000000,0,0
12,Alcoolvale,335939173.4,0,0,1.25E+11,94439190881,72225.6,72225.6,0,0,0,0,0,1447850.744,20149.25618,178085.6415,106400,0,0,0,0,0,2.38E+11,2.38E+11,387568264.7,2000000,0,0
13,Alta Floresta (Alto Alegre),335939173.4,0,0,1.25E+11,94439190881,72225.6,72225.6,0,0,0,0,0,1447850.744,20149.25618,178085.6415,106400,0,0,0,0,0,2.38E+11,2.38E+11,387568264.7,2000000,0,0
14,Alta Mogiana,923832727,0,0,1.25E+11,94439190881,198620.4,198620.4,0,0,0,0,0,3981589.545,55410.45451,489735.5141,292600,0,0,0,0,0,2.38E+11,2.38E+11,1065812728,5500000,0,0
15,Alta Paulista (Usalpa),335939173.4,0,0,1.25E+11,94439190881,72225.6,72225.6,0,0,0,0,0,1447850.744,20149.25618,178085.6415,106400,0,0,0,0,0,2.38E+11,2.38E+11,387568264.7,2000000,0,0
16,Alta Paulista II,325398872,0,0,1.25E+11,94439190881,180564,180564,0,0,0,0,0,0,1468000,0,106400,0,0,0,0,0,2.38E+11,2.38E+11,121646056.3,2000000,0,0
17,Alto Alegre - Florestópolis,503908760.2,0,0,1.25E+11,94439190881,108338.4,108338.4,0,0,0,0,0,2171776.116,30223.88428,267128.4622,159600,0,0,0,0,0,2.38E+11,2.38E+11,581352397.1,3000000,0,0
18,Alto Alegre - Unidade Junqueira,671878346.9,0,0,1.25E+11,94439190881,144451.2,144451.2,0,0,0,0,0,2895701.488,40298.51237,356171.283,212800,0,0,0,0,0,2.38E+11,2.38E+11,775136529.4,4000000,0,0
19,Alto Alegre - Unidade Santo Inácio,671878346.9,0,0,1.25E+11,94439190881,144451.2,144451.2,0,0,0,0,0,2895701.488,40298.51237,356171.283,212800,0,0,0,0,0,2.38E+11,2.38E+11,775136529.4,4000000,0,0
20,Alto Taquari,650797744,0,0,1.25E+11,94439190881,361128,361128,0,0,0,0,0,0,2936000,0,212800,0,0,0,0,0,2.38E+11,2.38E+11,243292112.6,4000000,0,0
21,Alvorada,335939173.4,0,0,1.25E+11,94439190881,72225.6,72225.6,0,0,0,0,0,1447850.744,20149.25618,178085.6415,106400,0,0,0,0,0,2.38E+11,2.38E+11,387568264.7,2000000,0,0
22,Americana,162699436,0,0,1.25E+11,94439190881,90282,90282,0,0,0,0,0,0,734000,0,53200,0,0,0,0,0,2.38E+11,2.38E+11,60823028.16,1000000,0,0
23,Andrade,503908760.2,0,0,1.25E+11,94439190881,108338.4,0,0,0,108338.4,0,0,2171776.116,30223.88428,267128.4622,159600,0,0,0,0,0,2.38E+11,2.38E+11,581352397.1,3000000,0,0
24,Angélica,671878346.9,0,0,1.25E+11,94439190881,144451.2,144451.2,0,0,0,0,0,2895701.488,40298.51237,356171.283,212800,0,0,0,0,0,2.38E+11,2.38E+11,775136529.4,4000000,0,0
25,Anicuns,488098308,0,0,1.25E+11,94439190881,270846,270846,0,0,0,0,0,0,2202000,0,159600,0,0,0,0,0,2.38E+11,2.38E+11,182469084.5,3000000,0,0
26,Aroeira,167969586.7,0,0,1.25E+11,94439190881,36112.8,36112.8,0,0,0,0,0,723925.3719,10074.62809,89042.82074,53200,0,0,0,0,0,2.38E+11,2.38E+11,193784132.4,1000000,0,0
27,Atena Tecnologias - Fazendo Bartira,167969586.7,0,0,1.25E+11,94439190881,36112.8,36112.8,0,0,0,0,0,723925.3719,10074.62809,89042.82074,53200,0,0,0,0,0,2.38E+11,2.38E+11,193784132.4,1000000,0,0
28,Avaré,335939173.4,0,0,1.25E+11,94439190881,72225.6,72225.6,0,0,0,0,0,1447850.744,20149.25618,178085.6415,106400,0,0,0,0,0,2.38E+11,2.38E+11,387568264.7,2000000,0,0
29,Bahia Etanol,162699436,0,0,1.25E+11,94439190881,90282,90282,0,0,0,0,0,0,734000,0,53200,0,0,0,0,0,2.38E+11,2.38E+11,60823028.16,1000000,0,0
30,Baldin Bioenergia,335939173.4,0,0,1.25E+11,94439190881,72225.6,0,0,0,72225.6,0,0,1447850.744,20149.25618,178085.6415,106400,0,0,0,0,0,2.38E+11,2.38E+11,387568264.7,2000000,0,0
31,Bambuí,325398872,0,0,1.25E+11,94439190881,180564,180564,0,0,0,0,0,0,1468000,0,106400,0,0,0,0,0,2.38E+11,2.38E+11,121646056.3,2000000,0,0
32,Bandeirantes,503908760.2,0,0,1.25E+11,94439190881,108338.4,108338.4,0,0,0,0,0,2171776.116,30223.88428,267128.4622,159600,0,0,0,0,0,2.38E+11,2.38E+11,581352397.1,3000000,0,0
33,Barra Grande,839847933.6,0,0,1.25E+11,94439190881,180564,180564,0,0,0,0,0,3619626.86,50373.14046,445214.1037,266000,0,0,0,0,0,2.38E+11,2.38E+11,968920661.8,5000000,0,0
34,Barralcool,503908760.2,0,0,1.25E+11,94439190881,108338.4,108338.4,0,0,0,0,0,2171776.116,30223.88428,267128.4622,159600,0,0,0,0,0,2.38E+11,2.38E+11,581352397.1,3000000,0,0
35,Batatais,671878346.9,0,0,1.25E+11,94439190881,144451.2,144451.2,0,0,0,0,0,2895701.488,40298.51237,356171.283,212800,0,0,0,0,0,2.38E+11,2.38E+11,775136529.4,4000000,0,0
36,Batatais - Unidade Lins,503908760.2,0,0,1.25E+11,94439190881,108338.4,108338.4,0,0,0,0,0,2171776.116,30223.88428,267128.4622,159600,0,0,0,0,0,2.38E+11,2.38E+11,581352397.1,3000000,0,0
37,Bazan,671878346.9,0,0,1.25E+11,94439190881,144451.2,0,0,0,144451.2,0,0,2895701.488,40298.51237,356171.283,212800,0,0,0,0,0,2.38E+11,2.38E+11,775136529.4,4000000,0,0
38,Bela Vista,671878346.9,0,0,1.25E+11,94439190881,144451.2,0,0,0,144451.2,0,0,2895701.488,40298.51237,356171.283,212800,0,0,0,0,0,2.38E+11,2.38E+11,775136529.4,4000000,0,0
39,Bevap,503908760.2,0,0,1.25E+11,94439190881,108338.4,108338.4,0,0,0,0,0,2171776.116,30223.88428,267128.4622,159600,0,0,0,0,0,2.38E+11,2.38E+11,581352397.1,3000000,0,0
40,Bioenergia,325398872,0,0,1.25E+11,94439190881,180564,180564,0,0,0,0,0,0,1468000,0,106400,0,0,0,0,0,2.38E+11,2.38E+11,121646056.3,2000000,0,0
41,Bioflex Agroindustrial,162699436,0,0,1.25E+11,94439190881,90282,90282,0,0,0,0,0,0,734000,0,53200,0,0,0,0,0,2.38E+11,2.38E+11,60823028.16,1000000,0,0
42,Biopav(Revati),650797744,0,0,1.25E+11,94439190881,361128,361128,0,0,0,0,0,0,2936000,0,212800,0,0,0,0,0,2.38E+11,2.38E+11,243292112.6,4000000,0,0
43,BIOSEV - Unidade Ares,335939173.4,0,0,1.25E+11,94439190881,72225.6,72225.6,0,0,0,0,0,1447850.744,20149.25618,178085.6415,106400,0,0,0,0,0,2.38E+11,2.38E+11,387568264.7,2000000,0,0
44,BIOSEV - UNIDADE COLOMBIA,503908760.2,0,0,1.25E+11,94439190881,108338.4,108338.4,0,0,0,0,0,2171776.116,30223.88428,267128.4622,159600,0,0,0,0,0,2.38E+11,2.38E+11,581352397.1,3000000,0,0
45,Biosev - Unidade Lagoa da Prata,503908760.2,0,0,1.25E+11,94439190881,108338.4,108338.4,0,0,0,0,0,2171776.116,30223.88428,267128.4622,159600,0,0,0,0,0,2.38E+11,2.38E+11,581352397.1,3000000,0,0
46,BIOSEV - Unidade Leme,335939173.4,0,0,1.25E+11,94439190881,72225.6,0,0,0,72225.6,0,0,1447850.744,20149.25618,178085.6415,106400,0,0,0,0,0,2.38E+11,2.38E+11,387568264.7,2000000,0,0
47,BIOSEV - Unidade MB,503908760.2,0,0,1.25E+11,94439190881,108338.4,98322.92683,0,0,10015.47317,0,0,2171776.116,30223.88428,267128.4622,159600,0,0,0,0,0,2.38E+11,2.38E+11,581352397.1,3000000,0,0
48,BIOSEV - Unidade Passa Tempo,503908760.2,0,0,1.25E+11,94439190881,108338.4,108338.4,0,0,0,0,0,2171776.116,30223.88428,267128.4622,159600,0,0,0,0,0,2.38E+11,2.38E+11,581352397.1,3000000,0,0
49,BIOSEV - Unidade Pedras de Fogo,162699436,0,0,1.25E+11,94439190881,90282,90282,0,0,0,0,0,0,734000,0,53200,0,0,0,0,0,2.38E+11,2.38E+11,60823028.16,1000000,0,0
50,BIOSEV - Unidade Rio Brilhante,839847933.6,0,0,1.25E+11,94439190881,180564,180564,0,0,0,0,0,3619626.86,50373.14046,445214.1037,266000,0,0,0,0,0,2.38E+11,2.38E+11,968920661.8,5000000,0,0
51,BIOSEV - Unidade Santa Elisa,1532832727,84790408.75,66298480.67,1.25E+11,94439190881,198620.4,0,198620.4,1508696.673,0,0,0,3981589.545,55410.45451,489735.5141,292600,700000,700000,0,119512.1951,191219.5122,2.38E+11,2.38E+11,1065812728,5500000,1770488524,2.52926932
52,BIOSEV - Unidade Vale do Rosário,923832727,0,0,1.25E+11,94439190881,198620.4,198620.4,0,0,0,0,0,3981589.545,55410.45451,489735.5141,292600,0,0,0,0,0,2.38E+11,2.38E+11,1065812728,5500000,0,0
53,Boa Vista,813497180,0,0,1.25E+11,94439190881,451410,451410,0,0,0,0,0,0,3670000,0,266000,0,0,0,0,0,2.38E+11,2.38E+11,304115140.8,5000000,0,0
54,Bom Jesus,162699436,0,0,1.25E+11,94439190881,90282,90282,0,0,0,0,0,0,734000,0,53200,0,0,0,0,0,2.38E+11,2.38E+11,60823028.16,1000000,0,0
55,Bom Sucesso,503908760.2,0,0,1.25E+11,94439190881,108338.4,108338.4,0,0,0,0,0,2171776.116,30223.88428,267128.4622,159600,0,0,0,0,0,2.38E+11,2.38E+11,581352397.1,3000000,0,0
56,Branco Peres,167969586.7,0,0,1.25E+11,94439190881,36112.8,36112.8,0,0,0,0,0,723925.3719,10074.62809,89042.82074,53200,0,0,0,0,0,2.38E+11,2.38E+11,193784132.4,1000000,0,0
57,BRENCO - Usina Morro Vermelho,650797744,0,0,1.25E+11,94439190881,361128,361128,0,0,0,0,0,0,2936000,0,212800,0,0,0,0,0,2.38E+11,2.38E+11,243292112.6,4000000,0,0
58,Buriti - Sorriso,162699436,0,0,1.25E+11,94439190881,90282,90282,0,0,0,0,0,0,734000,0,53200,0,0,0,0,0,2.38E+11,2.38E+11,60823028.16,1000000,0,0
59,Buriti - Buritizal,488098308,0,0,1.25E+11,94439190881,270846,270846,0,0,0,0,0,0,2202000,0,159600,0,0,0,0,0,2.38E+11,2.38E+11,182469084.5,3000000,0,0
60,Cabrera Energética,325398872,0,0,1.25E+11,94439190881,180564,180564,0,0,0,0,0,0,1468000,0,106400,0,0,0,0,0,2.38E+11,2.38E+11,121646056.3,2000000,0,0
61,Cachoeira - Tupaciguara,162699436,0,0,1.25E+11,94439190881,90282,90282,0,0,0,0,0,0,734000,0,53200,0,0,0,0,0,2.38E+11,2.38E+11,60823028.16,1000000,0,0
62,Caçú,335939173.4,0,0,1.25E+11,94439190881,72225.6,72225.6,0,0,0,0,0,1447850.744,20149.25618,178085.6415,106400,0,0,0,0,0,2.38E+11,2.38E+11,387568264.7,2000000,0,0
63,Caeté,335939173.4,0,0,1.25E+11,94439190881,72225.6,72225.6,0,0,0,0,0,1447850.744,20149.25618,178085.6415,106400,0,0,0,0,0,2.38E+11,2.38E+11,387568264.7,2000000,0,0
64,Caeté - Unidade Paulicéia,813497180,0,0,1.25E+11,94439190881,451410,451410,0,0,0,0,0,0,3670000,0,266000,0,0,0,0,0,2.38E+11,2.38E+11,304115140.8,5000000,0,0
65,Cafealcool,162699436,0,0,1.25E+11,94439190881,90282,90282,0,0,0,0,0,0,734000,0,53200,0,0,0,0,0,2.38E+11,2.38E+11,60823028.16,1000000,0,0
66,Camaragibe,167969586.7,0,0,1.25E+11,94439190881,36112.8,36112.8,0,0,0,0,0,723925.3719,10074.62809,89042.82074,53200,0,0,0,0,0,2.38E+11,2.38E+11,193784132.4,1000000,0,0
67,Cambuí,325398872,0,0,1.25E+11,94439190881,180564,180564,0,0,0,0,0,0,1468000,0,106400,0,0,0,0,0,2.38E+11,2.38E+11,121646056.3,2000000,0,0
68,Campo Lindo,162699436,0,0,1.25E+11,94439190881,90282,0,0,0,90282,0,0,0,734000,0,53200,0,0,0,0,0,2.38E+11,2.38E+11,60823028.16,1000000,0,0
69,Canabrava 1,325398872,0,0,1.25E+11,94439190881,180564,180564,0,0,0,0,0,0,1468000,0,106400,0,0,0,0,0,2.38E+11,2.38E+11,121646056.3,2000000,0,0
70,Carolo (N.Sra. Aparecida - BC Pontal),503908760.2,0,0,1.25E+11,94439190881,108338.4,0,0,0,108338.4,0,0,2171776.116,30223.88428,267128.4622,159600,0,0,0,0,0,2.38E+11,2.38E+11,581352397.1,3000000,0,0
71,CBB - CIA Bioenergética,162699436,0,0,1.25E+11,94439190881,90282,90282,0,0,0,0,0,0,734000,0,53200,0,0,0,0,0,2.38E+11,2.38E+11,60823028.16,1000000,0,0
72,Ceara-Mirim,162699436,0,0,1.25E+11,94439190881,90282,90282,0,0,0,0,0,0,734000,0,53200,0,0,0,0,0,2.38E+11,2.38E+11,60823028.16,1000000,0,0
73,Cenasa,162699436,0,0,1.25E+11,94439190881,90282,90282,0,0,0,0,0,0,734000,0,53200,0,0,0,0,0,2.38E+11,2.38E+11,60823028.16,1000000,0,0
74,Central Leão Utinga,167969586.7,0,0,1.25E+11,94439190881,36112.8,36112.8,0,0,0,0,0,723925.3719,10074.62809,89042.82074,53200,0,0,0,0,0,2.38E+11,2.38E+11,193784132.4,1000000,0,0
75,Central Morrinhos,335939173.4,0,0,1.25E+11,94439190881,72225.6,72225.6,0,0,0,0,0,1447850.744,20149.25618,178085.6415,106400,0,0,0,0,0,2.38E+11,2.38E+11,387568264.7,2000000,0,0
76,Central Olho D'Água,335939173.4,0,0,1.25E+11,94439190881,72225.6,72225.6,0,0,0,0,0,1447850.744,20149.25618,178085.6415,106400,0,0,0,0,0,2.38E+11,2.38E+11,387568264.7,2000000,0,0
77,Centro Oeste Iguatemi,162699436,0,0,1.25E+11,94439190881,90282,90282,0,0,0,0,0,0,734000,0,53200,0,0,0,0,0,2.38E+11,2.38E+11,60823028.16,1000000,0,0
78,Cerradão,335939173.4,0,0,1.25E+11,94439190881,72225.6,72225.6,0,0,0,0,0,1447850.744,20149.25618,178085.6415,106400,0,0,0,0,0,2.38E+11,2.38E+11,387568264.7,2000000,0,0
79,Cevasa,503908760.2,0,0,1.25E+11,94439190881,108338.4,108338.4,0,0,0,0,0,2171776.116,30223.88428,267128.4622,159600,0,0,0,0,0,2.38E+11,2.38E+11,581352397.1,3000000,0,0
80,Cia. Energética Vale do São Simão,335939173.4,0,0,1.25E+11,94439190881,72225.6,72225.6,0,0,0,0,0,1447850.744,20149.25618,178085.6415,106400,0,0,0,0,0,2.38E+11,2.38E+11,387568264.7,2000000,0,0
81,Citrosuco,162699436,0,0,1.25E+11,94439190881,90282,90282,0,0,0,0,0,0,734000,0,53200,0,0,0,0,0,2.38E+11,2.38E+11,60823028.16,1000000,0,0
82,Clealco - Unidade Queiroz,923832727,0,0,1.25E+11,94439190881,198620.4,198620.4,0,0,0,0,0,3981589.545,55410.45451,489735.5141,292600,0,0,0,0,0,2.38E+11,2.38E+11,1065812728,5500000,0,0
83,Coaf - Cruangi,162699436,0,0,1.25E+11,94439190881,90282,90282,0,0,0,0,0,0,734000,0,53200,0,0,0,0,0,2.38E+11,2.38E+11,60823028.16,1000000,0,0
84,Coagro,167969586.7,0,0,1.25E+11,94439190881,36112.8,36112.8,0,0,0,0,0,723925.3719,10074.62809,89042.82074,53200,0,0,0,0,0,2.38E+11,2.38E+11,193784132.4,1000000,0,0
85,Cocal,671878346.9,0,0,1.25E+11,94439190881,144451.2,144451.2,0,0,0,0,0,2895701.488,40298.51237,356171.283,212800,0,0,0,0,0,2.38E+11,2.38E+11,775136529.4,4000000,0,0
86,Cocal - Unidade Narandiba,671878346.9,0,0,1.25E+11,94439190881,144451.2,144451.2,0,0,0,0,0,2895701.488,40298.51237,356171.283,212800,0,0,0,0,0,2.38E+11,2.38E+11,775136529.4,4000000,0,0
87,COFCO BRASIL S.A. - Catanduva,839847933.6,0,0,1.25E+11,94439190881,180564,180564,0,0,0,0,0,3619626.86,50373.14046,445214.1037,266000,0,0,0,0,0,2.38E+11,2.38E+11,968920661.8,5000000,0,0
88,COFCO BRASIL S.A. - Meridiano,671878346.9,0,0,1.25E+11,94439190881,144451.2,144451.2,0,0,0,0,0,2895701.488,40298.51237,356171.283,212800,0,0,0,0,0,2.38E+11,2.38E+11,775136529.4,4000000,0,0
89,COFCO BRASIL S.A. - Potirendaba,671878346.9,0,0,1.25E+11,94439190881,144451.2,144451.2,0,0,0,0,0,2895701.488,40298.51237,356171.283,212800,0,0,0,0,0,2.38E+11,2.38E+11,775136529.4,4000000,0,0
90,COFCO BRASIL S.A. - Sebastianópolis do Sul,839847933.6,0,0,1.25E+11,94439190881,180564,180564,0,0,0,0,0,3619626.86,50373.14046,445214.1037,266000,0,0,0,0,0,2.38E+11,2.38E+11,968920661.8,5000000,0,0
91,Colombo,923832727,0,0,1.25E+11,94439190881,198620.4,198620.4,0,0,0,0,0,3981589.545,55410.45451,489735.5141,292600,0,0,0,0,0,2.38E+11,2.38E+11,1065812728,5500000,0,0
92,Colombo (Unidade Palestina),325398872,0,0,1.25E+11,94439190881,180564,180564,0,0,0,0,0,0,1468000,0,106400,0,0,0,0,0,2.38E+11,2.38E+11,121646056.3,2000000,0,0
93,Colorado,923832727,0,0,1.25E+11,94439190881,198620.4,198620.4,0,0,0,0,0,3981589.545,55410.45451,489735.5141,292600,0,0,0,0,0,2.38E+11,2.38E+11,1065812728,5500000,0,0
94,Comanche Canitar,162699436,0,0,1.25E+11,94439190881,90282,90282,0,0,0,0,0,0,734000,0,53200,0,0,0,0,0,2.38E+11,2.38E+11,60823028.16,1000000,0,0
95,Comanche-Tatuí,162699436,0,0,1.25E+11,94439190881,90282,90282,0,0,0,0,0,0,734000,0,53200,0,0,0,0,0,2.38E+11,2.38E+11,60823028.16,1000000,0,0
96,Compahia Agroindustrial de Goiana (Santa Teresa),167969586.7,0,0,1.25E+11,94439190881,36112.8,36112.8,0,0,0,0,0,723925.3719,10074.62809,89042.82074,53200,0,0,0,0,0,2.38E+11,2.38E+11,193784132.4,1000000,0,0
97,Comvap,167969586.7,0,0,1.25E+11,94439190881,36112.8,36112.8,0,0,0,0,0,723925.3719,10074.62809,89042.82074,53200,0,0,0,0,0,2.38E+11,2.38E+11,193784132.4,1000000,0,0
98,Conquista de Minas,167969586.7,0,0,1.25E+11,94439190881,36112.8,36112.8,0,0,0,0,0,723925.3719,10074.62809,89042.82074,53200,0,0,0,0,0,2.38E+11,2.38E+11,193784132.4,1000000,0,0
99,Coopercana,162699436,0,0,1.25E+11,94439190881,90282,90282,0,0,0,0,0,0,734000,0,53200,0,0,0,0,0,2.38E+11,2.38E+11,60823028.16,1000000,0,0
100,Cooper-Rubi,335939173.4,0,0,1.25E+11,94439190881,72225.6,72225.6,0,0,0,0,0,1447850.744,20149.25618,178085.6415,106400,0,0,0,0,0,2.38E+11,2.38E+11,387568264.7,2000000,0,0
101,Copersul,167969586.7,0,0,1.25E+11,94439190881,36112.8,36112.8,0,0,0,0,0,723925.3719,10074.62809,89042.82074,53200,0,0,0,0,0,2.38E+11,2.38E+11,193784132.4,1000000,0,0
102,Coplasa,839847933.6,0,0,1.25E+11,94439190881,180564,180564,0,0,0,0,0,3619626.86,50373.14046,445214.1037,266000,0,0,0,0,0,2.38E+11,2.38E+11,968920661.8,5000000,0,0
103,Coprodia,335939173.4,0,0,1.25E+11,94439190881,72225.6,72225.6,0,0,0,0,0,1447850.744,20149.25618,178085.6415,106400,0,0,0,0,0,2.38E+11,2.38E+11,387568264.7,2000000,0,0
104,Coruripe,503908760.2,0,0,1.25E+11,94439190881,108338.4,0,0,0,108338.4,0,0,2171776.116,30223.88428,267128.4622,159600,0,0,0,0,0,2.38E+11,2.38E+11,581352397.1,3000000,0,0
105,Coruripe - Filial Campo Florido,671878346.9,0,0,1.25E+11,94439190881,144451.2,144451.2,0,0,0,0,0,2895701.488,40298.51237,356171.283,212800,0,0,0,0,0,2.38E+11,2.38E+11,775136529.4,4000000,0,0
106,Coruripe - Filial Limeira do Oeste,162699436,0,0,1.25E+11,94439190881,90282,90282,0,0,0,0,0,0,734000,0,53200,0,0,0,0,0,2.38E+11,2.38E+11,60823028.16,1000000,0,0
107,Coruripe - Iturama,671878346.9,0,0,1.25E+11,94439190881,144451.2,144451.2,0,0,0,0,0,2895701.488,40298.51237,356171.283,212800,0,0,0,0,0,2.38E+11,2.38E+11,775136529.4,4000000,0,0
108,Costa Bioenergia,335939173.4,0,0,1.25E+11,94439190881,72225.6,72225.6,0,0,0,0,0,1447850.744,20149.25618,178085.6415,106400,0,0,0,0,0,2.38E+11,2.38E+11,387568264.7,2000000,0,0
109,CRV,167969586.7,0,0,1.25E+11,94439190881,36112.8,36112.8,0,0,0,0,0,723925.3719,10074.62809,89042.82074,53200,0,0,0,0,0,2.38E+11,2.38E+11,193784132.4,1000000,0,0
110,Cucau,335939173.4,0,0,1.25E+11,94439190881,72225.6,72225.6,0,0,0,0,0,1447850.744,20149.25618,178085.6415,106400,0,0,0,0,0,2.38E+11,2.38E+11,387568264.7,2000000,0,0
111,Da Mata,671878346.9,0,0,1.25E+11,94439190881,144451.2,144451.2,0,0,0,0,0,2895701.488,40298.51237,356171.283,212800,0,0,0,0,0,2.38E+11,2.38E+11,775136529.4,4000000,0,0
112,Da Pedra,839847933.6,0,0,1.25E+11,94439190881,180564,180564,0,0,0,0,0,3619626.86,50373.14046,445214.1037,266000,0,0,0,0,0,2.38E+11,2.38E+11,968920661.8,5000000,0,0
113,Dacalda,335939173.4,0,0,1.25E+11,94439190881,72225.6,72225.6,0,0,0,0,0,1447850.744,20149.25618,178085.6415,106400,0,0,0,0,0,2.38E+11,2.38E+11,387568264.7,2000000,0,0
114,DAMFI,162699436,0,0,1.25E+11,94439190881,90282,90282,0,0,0,0,0,0,734000,0,53200,0,0,0,0,0,2.38E+11,2.38E+11,60823028.16,1000000,0,0
115,Dasa,325398872,0,0,1.25E+11,94439190881,180564,180564,0,0,0,0,0,0,1468000,0,106400,0,0,0,0,0,2.38E+11,2.38E+11,121646056.3,2000000,0,0
116,Della Coletta,335939173.4,0,0,1.25E+11,94439190881,72225.6,72225.6,0,0,0,0,0,1447850.744,20149.25618,178085.6415,106400,0,0,0,0,0,2.38E+11,2.38E+11,387568264.7,2000000,0,0
117,Delta - Unidade Delta,839847933.6,0,0,1.25E+11,94439190881,180564,180564,0,0,0,0,0,3619626.86,50373.14046,445214.1037,266000,0,0,0,0,0,2.38E+11,2.38E+11,968920661.8,5000000,0,0
118,Delta - Unidade Volta Grande,839847933.6,0,0,1.25E+11,94439190881,180564,180564,0,0,0,0,0,3619626.86,50373.14046,445214.1037,266000,0,0,0,0,0,2.38E+11,2.38E+11,968920661.8,5000000,0,0
119,Denusa,325398872,0,0,1.25E+11,94439190881,180564,180564,0,0,0,0,0,0,1468000,0,106400,0,0,0,0,0,2.38E+11,2.38E+11,121646056.3,2000000,0,0
120,Destilaria Alternativa,162699436,0,0,1.25E+11,94439190881,90282,90282,0,0,0,0,0,0,734000,0,53200,0,0,0,0,0,2.38E+11,2.38E+11,60823028.16,1000000,0,0
121,Diana,335939173.4,0,0,1.25E+11,94439190881,72225.6,72225.6,0,0,0,0,0,1447850.744,20149.25618,178085.6415,106400,0,0,0,0,0,2.38E+11,2.38E+11,387568264.7,2000000,0,0
122,D'Pádua,162699436,0,0,1.25E+11,94439190881,90282,90282,0,0,0,0,0,0,734000,0,53200,0,0,0,0,0,2.38E+11,2.38E+11,60823028.16,1000000,0,0
123,Eldorado,671878346.9,0,0,1.25E+11,94439190881,144451.2,144451.2,0,0,0,0,0,2895701.488,40298.51237,356171.283,212800,0,0,0,0,0,2.38E+11,2.38E+11,775136529.4,4000000,0,0
124,Energética Serranópolis,167969586.7,0,0,1.25E+11,94439190881,36112.8,36112.8,0,0,0,0,0,723925.3719,10074.62809,89042.82074,53200,0,0,0,0,0,2.38E+11,2.38E+11,193784132.4,1000000,0,0
125,Engenho Meneghetti,162699436,0,0,1.25E+11,94439190881,90282,0,0,0,90282,0,0,0,734000,0,53200,0,0,0,0,0,2.38E+11,2.38E+11,60823028.16,1000000,0,0
126,Ester,503908760.2,0,0,1.25E+11,94439190881,108338.4,0,0,0,108338.4,0,0,2171776.116,30223.88428,267128.4622,159600,0,0,0,0,0,2.38E+11,2.38E+11,581352397.1,3000000,0,0
127,ETH - Conquista do Pontal,839847933.6,0,0,1.25E+11,94439190881,180564,180564,0,0,0,0,0,3619626.86,50373.14046,445214.1037,266000,0,0,0,0,0,2.38E+11,2.38E+11,968920661.8,5000000,0,0
128,ETH - UNIDADE COSTA RICA,650797744,0,0,1.25E+11,94439190881,361128,361128,0,0,0,0,0,0,2936000,0,212800,0,0,0,0,0,2.38E+11,2.38E+11,243292112.6,4000000,0,0
129,ETH BIOENERGIA,813497180,0,0,1.25E+11,94439190881,451410,451410,0,0,0,0,0,0,3670000,0,266000,0,0,0,0,0,2.38E+11,2.38E+11,304115140.8,5000000,0,0
130,Fátima do Sul Agroenergética,325398872,0,0,1.25E+11,94439190881,180564,180564,0,0,0,0,0,0,1468000,0,106400,0,0,0,0,0,2.38E+11,2.38E+11,121646056.3,2000000,0,0
131,Ferrari / São Marino,1056805872,62878696.51,38345977.35,1.25E+11,94439190881,144451.2,0,144451.2,934683.9976,0,0,0,2895701.488,40298.51237,356171.283,212800,442445.431,442445.431,0,75539.46383,120863.1421,2.38E+11,2.38E+11,775136529.4,4000000,1124790344,2.542212588
132,Figueira - Alcoazul,335939173.4,0,0,1.25E+11,94439190881,72225.6,72225.6,0,0,0,0,0,1447850.744,20149.25618,178085.6415,106400,0,0,0,0,0,2.38E+11,2.38E+11,387568264.7,2000000,0,0
133,Figueira - Generalco,325398872,0,0,1.25E+11,94439190881,180564,180564,0,0,0,0,0,0,1468000,0,106400,0,0,0,0,0,2.38E+11,2.38E+11,121646056.3,2000000,0,0
134,Floresta,325398872,0,0,1.25E+11,94439190881,180564,180564,0,0,0,0,0,0,1468000,0,106400,0,0,0,0,0,2.38E+11,2.38E+11,121646056.3,2000000,0,0
135,Frutal Açúcar e Álcool,335939173.4,0,0,1.25E+11,94439190881,72225.6,72225.6,0,0,0,0,0,1447850.744,20149.25618,178085.6415,106400,0,0,0,0,0,2.38E+11,2.38E+11,387568264.7,2000000,0,0
136,Furlan,335939173.4,0,0,1.25E+11,94439190881,72225.6,0,0,0,72225.6,0,0,1447850.744,20149.25618,178085.6415,106400,0,0,0,0,0,2.38E+11,2.38E+11,387568264.7,2000000,0,0
137,Goianésia,167969586.7,0,0,1.25E+11,94439190881,36112.8,36112.8,0,0,0,0,0,723925.3719,10074.62809,89042.82074,53200,0,0,0,0,0,2.38E+11,2.38E+11,193784132.4,1000000,0,0
138,Goiasa,839847933.6,0,0,1.25E+11,94439190881,180564,180564,0,0,0,0,0,3619626.86,50373.14046,445214.1037,266000,0,0,0,0,0,2.38E+11,2.38E+11,968920661.8,5000000,0,0
139,Grizzo,162699436,0,0,1.25E+11,94439190881,90282,90282,0,0,0,0,0,0,734000,0,53200,0,0,0,0,0,2.38E+11,2.38E+11,60823028.16,1000000,0,0
140,Guaíra,671878346.9,0,0,1.25E+11,94439190881,144451.2,144451.2,0,0,0,0,0,2895701.488,40298.51237,356171.283,212800,0,0,0,0,0,2.38E+11,2.38E+11,775136529.4,4000000,0,0
141,Guarani - Unidade Cruz Alta,923832727,0,0,1.25E+11,94439190881,198620.4,198620.4,0,0,0,0,0,3981589.545,55410.45451,489735.5141,292600,0,0,0,0,0,2.38E+11,2.38E+11,1065812728,5500000,0,0
142,Guarani - Unidade Mandu Guaíra,671878346.9,0,0,1.25E+11,94439190881,144451.2,144451.2,0,0,0,0,0,2895701.488,40298.51237,356171.283,212800,0,0,0,0,0,2.38E+11,2.38E+11,775136529.4,4000000,0,0
143,Guarani - Unidade Severinia,503908760.2,0,0,1.25E+11,94439190881,108338.4,108338.4,0,0,0,0,0,2171776.116,30223.88428,267128.4622,159600,0,0,0,0,0,2.38E+11,2.38E+11,581352397.1,3000000,0,0
144,Guarani - Unidade Tanabi,335939173.4,0,0,1.25E+11,94439190881,72225.6,72225.6,0,0,0,0,0,1447850.744,20149.25618,178085.6415,106400,0,0,0,0,0,2.38E+11,2.38E+11,387568264.7,2000000,0,0
145,Guariroba,335939173.4,0,0,1.25E+11,94439190881,72225.6,72225.6,0,0,0,0,0,1447850.744,20149.25618,178085.6415,106400,0,0,0,0,0,2.38E+11,2.38E+11,387568264.7,2000000,0,0
146,Iacanga,671878346.9,0,0,1.25E+11,94439190881,144451.2,144451.2,0,0,0,0,0,2895701.488,40298.51237,356171.283,212800,0,0,0,0,0,2.38E+11,2.38E+11,775136529.4,4000000,0,0
147,IACO,488098308,0,0,1.25E+11,94439190881,270846,270846,0,0,0,0,0,0,2202000,0,159600,0,0,0,0,0,2.38E+11,2.38E+11,182469084.5,3000000,0,0
148,Ibaiti,325398872,0,0,1.25E+11,94439190881,180564,180564,0,0,0,0,0,0,1468000,0,106400,0,0,0,0,0,2.38E+11,2.38E+11,121646056.3,2000000,0,0
149,Ibéria,325398872,0,0,1.25E+11,94439190881,180564,180564,0,0,0,0,0,0,1468000,0,106400,0,0,0,0,0,2.38E+11,2.38E+11,121646056.3,2000000,0,0
150,Ibirá,167969586.7,0,0,1.25E+11,94439190881,36112.8,0,0,0,36112.8,0,0,723925.3719,10074.62809,89042.82074,53200,0,0,0,0,0,2.38E+11,2.38E+11,193784132.4,1000000,0,0
151,IMCOPA,162699436,0,0,1.25E+11,94439190881,90282,90282,0,0,0,0,0,0,734000,0,53200,0,0,0,0,0,2.38E+11,2.38E+11,60823028.16,1000000,0,0
152,Interlagos,488098308,0,0,1.25E+11,94439190881,270846,270846,0,0,0,0,0,0,2202000,0,159600,0,0,0,0,0,2.38E+11,2.38E+11,182469084.5,3000000,0,0
153,Ipê,325398872,0,0,1.25E+11,94439190881,180564,180564,0,0,0,0,0,0,1468000,0,106400,0,0,0,0,0,2.38E+11,2.38E+11,121646056.3,2000000,0,0
154,Ipiranga,335939173.4,0,0,1.25E+11,94439190881,72225.6,0,0,0,72225.6,0,0,1447850.744,20149.25618,178085.6415,106400,0,0,0,0,0,2.38E+11,2.38E+11,387568264.7,2000000,0,0
155,Ipiranga II - Santo Alexandre,335939173.4,0,0,1.25E+11,94439190881,72225.6,0,0,0,72225.6,0,0,1447850.744,20149.25618,178085.6415,106400,0,0,0,0,0,2.38E+11,2.38E+11,387568264.7,2000000,0,0
156,Ipojuca,167969586.7,0,0,1.25E+11,94439190881,36112.8,36112.8,0,0,0,0,0,723925.3719,10074.62809,89042.82074,53200,0,0,0,0,0,2.38E+11,2.38E+11,193784132.4,1000000,0,0
157,Iracema,503908760.2,0,0,1.25E+11,94439190881,108338.4,0,0,0,108338.4,0,0,2171776.116,30223.88428,267128.4622,159600,0,0,0,0,0,2.38E+11,2.38E+11,581352397.1,3000000,0,0
158,Irmãos Malosso,162699436,0,0,1.25E+11,94439190881,90282,90282,0,0,0,0,0,0,734000,0,53200,0,0,0,0,0,2.38E+11,2.38E+11,60823028.16,1000000,0,0
159,Itajobi,335939173.4,0,0,1.25E+11,94439190881,72225.6,72225.6,0,0,0,0,0,1447850.744,20149.25618,178085.6415,106400,0,0,0,0,0,2.38E+11,2.38E+11,387568264.7,2000000,0,0
160,Itajubara,162699436,0,0,1.25E+11,94439190881,90282,90282,0,0,0,0,0,0,734000,0,53200,0,0,0,0,0,2.38E+11,2.38E+11,60823028.16,1000000,0,0
161,Itamarati,923832727,0,0,1.25E+11,94439190881,198620.4,198620.4,0,0,0,0,0,3981589.545,55410.45451,489735.5141,292600,0,0,0,0,0,2.38E+11,2.38E+11,1065812728,5500000,0,0
162,Itapagipe,503908760.2,0,0,1.25E+11,94439190881,108338.4,108338.4,0,0,0,0,0,2171776.116,30223.88428,267128.4622,159600,0,0,0,0,0,2.38E+11,2.38E+11,581352397.1,3000000,0,0
163,Ituiutaba,335939173.4,0,0,1.25E+11,94439190881,72225.6,72225.6,0,0,0,0,0,1447850.744,20149.25618,178085.6415,106400,0,0,0,0,0,2.38E+11,2.38E+11,387568264.7,2000000,0,0
164,Itumbiara,503908760.2,0,0,1.25E+11,94439190881,108338.4,108338.4,0,0,0,0,0,2171776.116,30223.88428,267128.4622,159600,0,0,0,0,0,2.38E+11,2.38E+11,581352397.1,3000000,0,0
165,Jacarezinho,503908760.2,0,0,1.25E+11,94439190881,108338.4,108338.4,0,0,0,0,0,2171776.116,30223.88428,267128.4622,159600,0,0,0,0,0,2.38E+11,2.38E+11,581352397.1,3000000,0,0
166,Jalles Machado,503908760.2,0,0,1.25E+11,94439190881,108338.4,108338.4,0,0,0,0,0,2171776.116,30223.88428,267128.4622,159600,0,0,0,0,0,2.38E+11,2.38E+11,581352397.1,3000000,0,0
167,Jalles Machado - Otávio Lage,335939173.4,0,0,1.25E+11,94439190881,72225.6,72225.6,0,0,0,0,0,1447850.744,20149.25618,178085.6415,106400,0,0,0,0,0,2.38E+11,2.38E+11,387568264.7,2000000,0,0
168,Jatiboca,167969586.7,0,0,1.25E+11,94439190881,36112.8,36112.8,0,0,0,0,0,723925.3719,10074.62809,89042.82074,53200,0,0,0,0,0,2.38E+11,2.38E+11,193784132.4,1000000,0,0
169,Jayoro,167969586.7,0,0,1.25E+11,94439190881,36112.8,36112.8,0,0,0,0,0,723925.3719,10074.62809,89042.82074,53200,0,0,0,0,0,2.38E+11,2.38E+11,193784132.4,1000000,0,0
170,José Granelli,167969586.7,0,0,1.25E+11,94439190881,36112.8,0,0,0,36112.8,0,0,723925.3719,10074.62809,89042.82074,53200,0,0,0,0,0,2.38E+11,2.38E+11,193784132.4,1000000,0,0
171,Junco Novo,162699436,0,0,1.25E+11,94439190881,90282,0,0,0,90282,0,0,0,734000,0,53200,0,0,0,0,0,2.38E+11,2.38E+11,60823028.16,1000000,0,0
172,Lago Azul,162699436,0,0,1.25E+11,94439190881,90282,90282,0,0,0,0,0,0,734000,0,53200,0,0,0,0,0,2.38E+11,2.38E+11,60823028.16,1000000,0,0
173,Laguna,162699436,0,0,1.25E+11,94439190881,90282,90282,0,0,0,0,0,0,734000,0,53200,0,0,0,0,0,2.38E+11,2.38E+11,60823028.16,1000000,0,0
174,Lasa,162699436,0,0,1.25E+11,94439190881,90282,90282,0,0,0,0,0,0,734000,0,53200,0,0,0,0,0,2.38E+11,2.38E+11,60823028.16,1000000,0,0
175,Liberdade,167969586.7,0,0,1.25E+11,94439190881,36112.8,36112.8,0,0,0,0,0,723925.3719,10074.62809,89042.82074,53200,0,0,0,0,0,2.38E+11,2.38E+11,193784132.4,1000000,0,0
176,Londra,162699436,0,0,1.25E+11,94439190881,90282,90282,0,0,0,0,0,0,734000,0,53200,0,0,0,0,0,2.38E+11,2.38E+11,60823028.16,1000000,0,0
177,Lopes da Silva,162699436,0,0,1.25E+11,94439190881,90282,0,0,0,90282,0,0,0,734000,0,53200,0,0,0,0,0,2.38E+11,2.38E+11,60823028.16,1000000,0,0
178,Luso,162699436,0,0,1.25E+11,94439190881,90282,90282,0,0,0,0,0,0,734000,0,53200,0,0,0,0,0,2.38E+11,2.38E+11,60823028.16,1000000,0,0
179,Maity Bioenergia,167969586.7,0,0,1.25E+11,94439190881,36112.8,36112.8,0,0,0,0,0,723925.3719,10074.62809,89042.82074,53200,0,0,0,0,0,2.38E+11,2.38E+11,193784132.4,1000000,0,0
180,Mandacaru,335939173.4,0,0,1.25E+11,94439190881,72225.6,72225.6,0,0,0,0,0,1447850.744,20149.25618,178085.6415,106400,0,0,0,0,0,2.38E+11,2.38E+11,387568264.7,2000000,0,0
181,Marituba,167969586.7,0,0,1.25E+11,94439190881,36112.8,0,0,0,36112.8,0,0,723925.3719,10074.62809,89042.82074,53200,0,0,0,0,0,2.38E+11,2.38E+11,193784132.4,1000000,0,0
182,Melhoramento Ivaí,335939173.4,0,0,1.25E+11,94439190881,72225.6,72225.6,0,0,0,0,0,1447850.744,20149.25618,178085.6415,106400,0,0,0,0,0,2.38E+11,2.38E+11,387568264.7,2000000,0,0
183,Miriri,162699436,0,0,1.25E+11,94439190881,90282,90282,0,0,0,0,0,0,734000,0,53200,0,0,0,0,0,2.38E+11,2.38E+11,60823028.16,1000000,0,0
184,Moema,839847933.6,0,0,1.25E+11,94439190881,180564,180564,0,0,0,0,0,3619626.86,50373.14046,445214.1037,266000,0,0,0,0,0,2.38E+11,2.38E+11,968920661.8,5000000,0,0
185,Monte Alegre - Monte Belo,167969586.7,0,0,1.25E+11,94439190881,36112.8,36112.8,0,0,0,0,0,723925.3719,10074.62809,89042.82074,53200,0,0,0,0,0,2.38E+11,2.38E+11,193784132.4,1000000,0,0
186,Monte Alegre,167969586.7,0,0,1.25E+11,94439190881,36112.8,36112.8,0,0,0,0,0,723925.3719,10074.62809,89042.82074,53200,0,0,0,0,0,2.38E+11,2.38E+11,193784132.4,1000000,0,0
187,Monterey,162699436,0,0,1.25E+11,94439190881,90282,90282,0,0,0,0,0,0,734000,0,53200,0,0,0,0,0,2.38E+11,2.38E+11,60823028.16,1000000,0,0
188,Monteverde,167969586.7,0,0,1.25E+11,94439190881,36112.8,36112.8,0,0,0,0,0,723925.3719,10074.62809,89042.82074,53200,0,0,0,0,0,2.38E+11,2.38E+11,193784132.4,1000000,0,0
189,Moreno,503908760.2,0,0,1.25E+11,94439190881,108338.4,0,0,0,108338.4,0,0,2171776.116,30223.88428,267128.4622,159600,0,0,0,0,0,2.38E+11,2.38E+11,581352397.1,3000000,0,0
190,Nardini,671878346.9,0,0,1.25E+11,94439190881,144451.2,144451.2,0,0,0,0,0,2895701.488,40298.51237,356171.283,212800,0,0,0,0,0,2.38E+11,2.38E+11,775136529.4,4000000,0,0
191,Nova Era,162699436,0,0,1.25E+11,94439190881,90282,62210.12683,0,0,28071.87317,0,0,0,734000,0,53200,0,0,0,0,0,2.38E+11,2.38E+11,60823028.16,1000000,0,0
192,Nova Gália,325398872,0,0,1.25E+11,94439190881,180564,180564,0,0,0,0,0,0,1468000,0,106400,0,0,0,0,0,2.38E+11,2.38E+11,121646056.3,2000000,0,0
193,Nova Londrina - Ex Copagra,162699436,0,0,1.25E+11,94439190881,90282,90282,0,0,0,0,0,0,734000,0,53200,0,0,0,0,0,2.38E+11,2.38E+11,60823028.16,1000000,0,0
194,Nova Moreno,488098308,0,0,1.25E+11,94439190881,270846,270846,0,0,0,0,0,0,2202000,0,159600,0,0,0,0,0,2.38E+11,2.38E+11,182469084.5,3000000,0,0
195,Nova Produtiva,325398872,0,0,1.25E+11,94439190881,180564,180564,0,0,0,0,0,0,1468000,0,106400,0,0,0,0,0,2.38E+11,2.38E+11,121646056.3,2000000,0,0
196,Novo Milênio - Un. Lambari,162699436,0,0,1.25E+11,94439190881,90282,90282,0,0,0,0,0,0,734000,0,53200,0,0,0,0,0,2.38E+11,2.38E+11,60823028.16,1000000,0,0
197,Novo Milênio - Un. Mirassol,162699436,0,0,1.25E+11,94439190881,90282,90282,0,0,0,0,0,0,734000,0,53200,0,0,0,0,0,2.38E+11,2.38E+11,60823028.16,1000000,0,0
198,Ouroeste,335939173.4,0,0,1.25E+11,94439190881,72225.6,72225.6,0,0,0,0,0,1447850.744,20149.25618,178085.6415,106400,0,0,0,0,0,2.38E+11,2.38E+11,387568264.7,2000000,0,0
199,Pagrisa,167969586.7,0,0,1.25E+11,94439190881,36112.8,36112.8,0,0,0,0,0,723925.3719,10074.62809,89042.82074,53200,0,0,0,0,0,2.38E+11,2.38E+11,193784132.4,1000000,0,0
200,Paineiras,167969586.7,0,0,1.25E+11,94439190881,36112.8,36112.8,0,0,0,0,0,723925.3719,10074.62809,89042.82074,53200,0,0,0,0,0,2.38E+11,2.38E+11,193784132.4,1000000,0,0
201,Panorama,503908760.2,0,0,1.25E+11,94439190881,108338.4,108338.4,0,0,0,0,0,2171776.116,30223.88428,267128.4622,159600,0,0,0,0,0,2.38E+11,2.38E+11,581352397.1,3000000,0,0
202,Paraiso,162699436,0,0,1.25E+11,94439190881,90282,90282,0,0,0,0,0,0,734000,0,53200,0,0,0,0,0,2.38E+11,2.38E+11,60823028.16,1000000,0,0
203,Pederneiras,167969586.7,0,0,1.25E+11,94439190881,36112.8,0,0,0,36112.8,0,0,723925.3719,10074.62809,89042.82074,53200,0,0,0,0,0,2.38E+11,2.38E+11,193784132.4,1000000,0,0
204,Pedro Afonso - Bunge,488098308,0,0,1.25E+11,94439190881,270846,270846,0,0,0,0,0,0,2202000,0,159600,0,0,0,0,0,2.38E+11,2.38E+11,182469084.5,3000000,0,0
205,Penedo (Paisa),162699436,0,0,1.25E+11,94439190881,90282,0,0,0,90282,0,0,0,734000,0,53200,0,0,0,0,0,2.38E+11,2.38E+11,60823028.16,1000000,0,0
206,Perolândia - Brenco,650797744,0,0,1.25E+11,94439190881,361128,361128,0,0,0,0,0,0,2936000,0,212800,0,0,0,0,0,2.38E+11,2.38E+11,243292112.6,4000000,0,0
207,Petribú,335939173.4,0,0,1.25E+11,94439190881,72225.6,72225.6,0,0,0,0,0,1447850.744,20149.25618,178085.6415,106400,0,0,0,0,0,2.38E+11,2.38E+11,387568264.7,2000000,0,0
208,Pindorama,167969586.7,0,0,1.25E+11,94439190881,36112.8,0,0,0,36112.8,0,0,723925.3719,10074.62809,89042.82074,53200,0,0,0,0,0,2.38E+11,2.38E+11,193784132.4,1000000,0,0
209,Pinheiro,167969586.7,0,0,1.25E+11,94439190881,36112.8,0,0,0,36112.8,0,0,723925.3719,10074.62809,89042.82074,53200,0,0,0,0,0,2.38E+11,2.38E+11,193784132.4,1000000,0,0
210,Pioneiros,335939173.4,0,0,1.25E+11,94439190881,72225.6,72225.6,0,0,0,0,0,1447850.744,20149.25618,178085.6415,106400,0,0,0,0,0,2.38E+11,2.38E+11,387568264.7,2000000,0,0
211,Pitangueiras,503908760.2,0,0,1.25E+11,94439190881,108338.4,0,0,0,108338.4,0,0,2171776.116,30223.88428,267128.4622,159600,0,0,0,0,0,2.38E+11,2.38E+11,581352397.1,3000000,0,0
212,Porto Alegre,167969586.7,0,0,1.25E+11,94439190881,36112.8,36112.8,0,0,0,0,0,723925.3719,10074.62809,89042.82074,53200,0,0,0,0,0,2.38E+11,2.38E+11,193784132.4,1000000,0,0
213,Porto das Águas & Associados,894846898,0,0,1.25E+11,94439190881,496551,496551,0,0,0,0,0,0,4037000,0,292600,0,0,0,0,0,2.38E+11,2.38E+11,334526654.9,5500000,0,0
214,Porto Rico,335939173.4,0,0,1.25E+11,94439190881,72225.6,72225.6,0,0,0,0,0,1447850.744,20149.25618,178085.6415,106400,0,0,0,0,0,2.38E+11,2.38E+11,387568264.7,2000000,0,0
215,Pyles,162699436,0,0,1.25E+11,94439190881,90282,90282,0,0,0,0,0,0,734000,0,53200,0,0,0,0,0,2.38E+11,2.38E+11,60823028.16,1000000,0,0
216,Quatá,503908760.2,0,0,1.25E+11,94439190881,108338.4,108338.4,0,0,0,0,0,2171776.116,30223.88428,267128.4622,159600,0,0,0,0,0,2.38E+11,2.38E+11,581352397.1,3000000,0,0
217,RAIZEN - Barra,923832727,0,0,1.25E+11,94439190881,198620.4,198620.4,0,0,0,0,0,3981589.545,55410.45451,489735.5141,292600,0,0,0,0,0,2.38E+11,2.38E+11,1065812728,5500000,0,0
218,RAIZEN - Benálcool,167969586.7,0,0,1.25E+11,94439190881,36112.8,36112.8,0,0,0,0,0,723925.3719,10074.62809,89042.82074,53200,0,0,0,0,0,2.38E+11,2.38E+11,193784132.4,1000000,0,0
219,RAIZEN - Bom Retiro,335939173.4,0,0,1.25E+11,94439190881,72225.6,0,0,0,72225.6,0,0,1447850.744,20149.25618,178085.6415,106400,0,0,0,0,0,2.38E+11,2.38E+11,387568264.7,2000000,0,0
220,RAIZEN - Bonfim,839847933.6,0,0,1.25E+11,94439190881,180564,180564,0,0,0,0,0,3619626.86,50373.14046,445214.1037,266000,0,0,0,0,0,2.38E+11,2.38E+11,968920661.8,5000000,0,0
221,RAIZEN - Caarapó S/A Açúcar e álcool,839847933.6,0,0,1.25E+11,94439190881,180564,180564,0,0,0,0,0,3619626.86,50373.14046,445214.1037,266000,0,0,0,0,0,2.38E+11,2.38E+11,968920661.8,5000000,0,0
222,RAIZEN - Costa Pinto,1422497180,84790408.75,50068727.72,1.25E+11,94439190881,451410,0,451410,1255907.073,0,0,0,0,3670000,0,266000,700000,700000,0,119512.1951,191219.5122,2.38E+11,2.38E+11,304115140.8,5000000,1754258771,2.506083959
223,RAIZEN - Destivale,335939173.4,0,0,1.25E+11,94439190881,72225.6,72225.6,0,0,0,0,0,1447850.744,20149.25618,178085.6415,106400,0,0,0,0,0,2.38E+11,2.38E+11,387568264.7,2000000,0,0
224,RAIZEN - Diamante,335939173.4,0,0,1.25E+11,94439190881,72225.6,72225.6,0,0,0,0,0,1447850.744,20149.25618,178085.6415,106400,0,0,0,0,0,2.38E+11,2.38E+11,387568264.7,2000000,0,0
225,RAIZEN - Gasa,671878346.9,0,0,1.25E+11,94439190881,144451.2,144451.2,0,0,0,0,0,2895701.488,40298.51237,356171.283,212800,0,0,0,0,0,2.38E+11,2.38E+11,775136529.4,4000000,0,0
226,RAIZEN - Ibaté,335939173.4,0,0,1.25E+11,94439190881,72225.6,0,0,0,72225.6,0,0,1447850.744,20149.25618,178085.6415,106400,0,0,0,0,0,2.38E+11,2.38E+11,387568264.7,2000000,0,0
227,RAIZEN - Ipaussu,503908760.2,0,0,1.25E+11,94439190881,108338.4,108338.4,0,0,0,0,0,2171776.116,30223.88428,267128.4622,159600,0,0,0,0,0,2.38E+11,2.38E+11,581352397.1,3000000,0,0
228,RAIZEN - Jataí,650797744,0,0,1.25E+11,94439190881,361128,361128,0,0,0,0,0,0,2936000,0,212800,0,0,0,0,0,2.38E+11,2.38E+11,243292112.6,4000000,0,0
229,RAIZEN - Junqueira,503908760.2,0,0,1.25E+11,94439190881,108338.4,108338.4,0,0,0,0,0,2171776.116,30223.88428,267128.4622,159600,0,0,0,0,0,2.38E+11,2.38E+11,581352397.1,3000000,0,0
230,RAIZEN - Maracaí,671878346.9,0,0,1.25E+11,94439190881,144451.2,144451.2,0,0,0,0,0,2895701.488,40298.51237,356171.283,212800,0,0,0,0,0,2.38E+11,2.38E+11,775136529.4,4000000,0,0
231,RAIZEN - Mundial,335939173.4,0,0,1.25E+11,94439190881,72225.6,72225.6,0,0,0,0,0,1447850.744,20149.25618,178085.6415,106400,0,0,0,0,0,2.38E+11,2.38E+11,387568264.7,2000000,0,0
232,RAIZEN - Paraguaçú,503908760.2,0,0,1.25E+11,94439190881,108338.4,108338.4,0,0,0,0,0,2171776.116,30223.88428,267128.4622,159600,0,0,0,0,0,2.38E+11,2.38E+11,581352397.1,3000000,0,0
233,RAIZEN - Rafard,503908760.2,0,0,1.25E+11,94439190881,108338.4,0,0,0,108338.4,0,0,2171776.116,30223.88428,267128.4622,159600,0,0,0,0,0,2.38E+11,2.38E+11,581352397.1,3000000,0,0
234,RAIZEN - Santa Helena,335939173.4,0,0,1.25E+11,94439190881,72225.6,0,0,0,72225.6,0,0,1447850.744,20149.25618,178085.6415,106400,0,0,0,0,0,2.38E+11,2.38E+11,387568264.7,2000000,0,0
235,RAIZEN - TARUMÃ,839847933.6,0,0,1.25E+11,94439190881,180564,180564,0,0,0,0,0,3619626.86,50373.14046,445214.1037,266000,0,0,0,0,0,2.38E+11,2.38E+11,968920661.8,5000000,0,0
236,RAIZEN - Univalem,503908760.2,0,0,1.25E+11,94439190881,108338.4,108338.4,0,0,0,0,0,2171776.116,30223.88428,267128.4622,159600,0,0,0,0,0,2.38E+11,2.38E+11,581352397.1,3000000,0,0
237,Raizen Energia - Paraíso,503908760.2,0,0,1.25E+11,94439190881,108338.4,0,0,0,108338.4,0,0,2171776.116,30223.88428,267128.4622,159600,0,0,0,0,0,2.38E+11,2.38E+11,581352397.1,3000000,0,0
238,Raizen Energia ¿ Santa Candida,503908760.2,0,0,1.25E+11,94439190881,108338.4,108338.4,0,0,0,0,0,2171776.116,30223.88428,267128.4622,159600,0,0,0,0,0,2.38E+11,2.38E+11,581352397.1,3000000,0,0
239,Renuka - São Pedro do Ivaí,488098308,0,0,1.25E+11,94439190881,270846,270846,0,0,0,0,0,0,2202000,0,159600,0,0,0,0,0,2.38E+11,2.38E+11,182469084.5,3000000,0,0
240,Renuka - Unidade Marialva,167969586.7,0,0,1.25E+11,94439190881,36112.8,36112.8,0,0,0,0,0,723925.3719,10074.62809,89042.82074,53200,0,0,0,0,0,2.38E+11,2.38E+11,193784132.4,1000000,0,0
241,Ribeirão,162699436,0,0,1.25E+11,94439190881,90282,90282,0,0,0,0,0,0,734000,0,53200,0,0,0,0,0,2.38E+11,2.38E+11,60823028.16,1000000,0,0
242,Rio Amambai,503908760.2,0,0,1.25E+11,94439190881,108338.4,108338.4,0,0,0,0,0,2171776.116,30223.88428,267128.4622,159600,0,0,0,0,0,2.38E+11,2.38E+11,581352397.1,3000000,0,0
243,Rio Claro de Goias,162699436,0,0,1.25E+11,94439190881,90282,90282,0,0,0,0,0,0,734000,0,53200,0,0,0,0,0,2.38E+11,2.38E+11,60823028.16,1000000,0,0
244,Rio do Cachimbo,162699436,0,0,1.25E+11,94439190881,90282,90282,0,0,0,0,0,0,734000,0,53200,0,0,0,0,0,2.38E+11,2.38E+11,60823028.16,1000000,0,0
245,Rio Pardo,325398872,0,0,1.25E+11,94439190881,180564,180564,0,0,0,0,0,0,1468000,0,106400,0,0,0,0,0,2.38E+11,2.38E+11,121646056.3,2000000,0,0
246,Rio Vermelho,503908760.2,0,0,1.25E+11,94439190881,108338.4,108338.4,0,0,0,0,0,2171776.116,30223.88428,267128.4622,159600,0,0,0,0,0,2.38E+11,2.38E+11,581352397.1,3000000,0,0
247,Rosa S/A,162699436,0,0,1.25E+11,94439190881,90282,0,0,0,90282,0,0,0,734000,0,53200,0,0,0,0,0,2.38E+11,2.38E+11,60823028.16,1000000,0,0
248,Santa Adélia,503908760.2,0,0,1.25E+11,94439190881,108338.4,0,0,0,108338.4,0,0,2171776.116,30223.88428,267128.4622,159600,0,0,0,0,0,2.38E+11,2.38E+11,581352397.1,3000000,0,0
249,Santa Albertina,335939173.4,0,0,1.25E+11,94439190881,72225.6,72225.6,0,0,0,0,0,1447850.744,20149.25618,178085.6415,106400,0,0,0,0,0,2.38E+11,2.38E+11,387568264.7,2000000,0,0
250,Santa Clotilde,167969586.7,0,0,1.25E+11,94439190881,36112.8,36112.8,0,0,0,0,0,723925.3719,10074.62809,89042.82074,53200,0,0,0,0,0,2.38E+11,2.38E+11,193784132.4,1000000,0,0
251,Santa Cruz - BA,162699436,0,0,1.25E+11,94439190881,90282,90282,0,0,0,0,0,0,734000,0,53200,0,0,0,0,0,2.38E+11,2.38E+11,60823028.16,1000000,0,0
252,Santa Cruz - SP,839847933.6,0,0,1.25E+11,94439190881,180564,4248.802439,0,0,176315.1976,0,0,3619626.86,50373.14046,445214.1037,266000,0,0,0,0,0,2.38E+11,2.38E+11,968920661.8,5000000,0,0
253,Santa Fé,503908760.2,0,0,1.25E+11,94439190881,108338.4,108338.4,0,0,0,0,0,2171776.116,30223.88428,267128.4622,159600,0,0,0,0,0,2.38E+11,2.38E+11,581352397.1,3000000,0,0
254,Santa Helena - Goias,488098308,0,0,1.25E+11,94439190881,270846,270846,0,0,0,0,0,0,2202000,0,159600,0,0,0,0,0,2.38E+11,2.38E+11,182469084.5,3000000,0,0
255,Santa Helena - Nova Andradina,488098308,0,0,1.25E+11,94439190881,270846,270846,0,0,0,0,0,0,2202000,0,159600,0,0,0,0,0,2.38E+11,2.38E+11,182469084.5,3000000,0,0
256,Santa Inês,162699436,0,0,1.25E+11,94439190881,90282,0,0,0,90282,0,0,0,734000,0,53200,0,0,0,0,0,2.38E+11,2.38E+11,60823028.16,1000000,0,0
257,Santa Isabel,671878346.9,0,0,1.25E+11,94439190881,144451.2,144451.2,0,0,0,0,0,2895701.488,40298.51237,356171.283,212800,0,0,0,0,0,2.38E+11,2.38E+11,775136529.4,4000000,0,0
258,Santa Juliana,671878346.9,0,0,1.25E+11,94439190881,144451.2,144451.2,0,0,0,0,0,2895701.488,40298.51237,356171.283,212800,0,0,0,0,0,2.38E+11,2.38E+11,775136529.4,4000000,0,0
259,Santa Lúcia,167969586.7,0,0,1.25E+11,94439190881,36112.8,0,0,0,36112.8,0,0,723925.3719,10074.62809,89042.82074,53200,0,0,0,0,0,2.38E+11,2.38E+11,193784132.4,1000000,0,0
260,Santa Luzia,894846898,0,0,1.25E+11,94439190881,496551,496551,0,0,0,0,0,0,4037000,0,292600,0,0,0,0,0,2.38E+11,2.38E+11,334526654.9,5500000,0,0
261,Santa Maria - Porto Calvo,167969586.7,0,0,1.25E+11,94439190881,36112.8,36112.8,0,0,0,0,0,723925.3719,10074.62809,89042.82074,53200,0,0,0,0,0,2.38E+11,2.38E+11,193784132.4,1000000,0,0
262,Santa Maria - Medeiros Neto,162699436,0,0,1.25E+11,94439190881,90282,90282,0,0,0,0,0,0,734000,0,53200,0,0,0,0,0,2.38E+11,2.38E+11,60823028.16,1000000,0,0
263,Santa Maria - Cerquilho,335939173.4,0,0,1.25E+11,94439190881,72225.6,0,0,0,72225.6,0,0,1447850.744,20149.25618,178085.6415,106400,0,0,0,0,0,2.38E+11,2.38E+11,387568264.7,2000000,0,0
264,Santa Maria - Manduri,162699436,0,0,1.25E+11,94439190881,90282,90282,0,0,0,0,0,0,734000,0,53200,0,0,0,0,0,2.38E+11,2.38E+11,60823028.16,1000000,0,0
265,Santa Rita,503908760.2,0,0,1.25E+11,94439190881,108338.4,0,0,0,108338.4,0,0,2171776.116,30223.88428,267128.4622,159600,0,0,0,0,0,2.38E+11,2.38E+11,581352397.1,3000000,0,0
266,Santa Terezinha - Un. Cidade Gaúcha,335939173.4,0,0,1.25E+11,94439190881,72225.6,72225.6,0,0,0,0,0,1447850.744,20149.25618,178085.6415,106400,0,0,0,0,0,2.38E+11,2.38E+11,387568264.7,2000000,0,0
267,Santa Terezinha - Un. Ivaté,335939173.4,0,0,1.25E+11,94439190881,72225.6,72225.6,0,0,0,0,0,1447850.744,20149.25618,178085.6415,106400,0,0,0,0,0,2.38E+11,2.38E+11,387568264.7,2000000,0,0
268,Santa Terezinha - Un. Maringá,335939173.4,0,0,1.25E+11,94439190881,72225.6,72225.6,0,0,0,0,0,1447850.744,20149.25618,178085.6415,106400,0,0,0,0,0,2.38E+11,2.38E+11,387568264.7,2000000,0,0
269,Santa Terezinha - Un. Paranacity,503908760.2,0,0,1.25E+11,94439190881,108338.4,108338.4,0,0,0,0,0,2171776.116,30223.88428,267128.4622,159600,0,0,0,0,0,2.38E+11,2.38E+11,581352397.1,3000000,0,0
270,Santa Terezinha - Un. Rondon,335939173.4,0,0,1.25E+11,94439190881,72225.6,72225.6,0,0,0,0,0,1447850.744,20149.25618,178085.6415,106400,0,0,0,0,0,2.38E+11,2.38E+11,387568264.7,2000000,0,0
271,Santa Terezinha - Un. São Tomé,162699436,0,0,1.25E+11,94439190881,90282,90282,0,0,0,0,0,0,734000,0,53200,0,0,0,0,0,2.38E+11,2.38E+11,60823028.16,1000000,0,0
272,Santa Terezinha - Un. Tapejara,671878346.9,0,0,1.25E+11,94439190881,144451.2,144451.2,0,0,0,0,0,2895701.488,40298.51237,356171.283,212800,0,0,0,0,0,2.38E+11,2.38E+11,775136529.4,4000000,0,0
273,Santa Terezinha - Un. Terra Rica,335939173.4,0,0,1.25E+11,94439190881,72225.6,72225.6,0,0,0,0,0,1447850.744,20149.25618,178085.6415,106400,0,0,0,0,0,2.38E+11,2.38E+11,387568264.7,2000000,0,0
274,Santa Vitória,488098308,0,0,1.25E+11,94439190881,270846,270846,0,0,0,0,0,0,2202000,0,159600,0,0,0,0,0,2.38E+11,2.38E+11,182469084.5,3000000,0,0
275,Santo Angelo,503908760.2,0,0,1.25E+11,94439190881,108338.4,108338.4,0,0,0,0,0,2171776.116,30223.88428,267128.4622,159600,0,0,0,0,0,2.38E+11,2.38E+11,581352397.1,3000000,0,0
276,Santo Antonio,488098308,0,0,1.25E+11,94439190881,270846,270846,0,0,0,0,0,0,2202000,0,159600,0,0,0,0,0,2.38E+11,2.38E+11,182469084.5,3000000,0,0
277,Santo Antônio,335939173.4,0,0,1.25E+11,94439190881,72225.6,72225.6,0,0,0,0,0,1447850.744,20149.25618,178085.6415,106400,0,0,0,0,0,2.38E+11,2.38E+11,387568264.7,2000000,0,0
278,Santo Antonio - AB,503908760.2,0,0,1.25E+11,94439190881,108338.4,0,0,0,108338.4,0,0,2171776.116,30223.88428,267128.4622,159600,0,0,0,0,0,2.38E+11,2.38E+11,581352397.1,3000000,0,0
279,São Carlos/Coopcana,839847933.6,0,0,1.25E+11,94439190881,180564,180564,0,0,0,0,0,3619626.86,50373.14046,445214.1037,266000,0,0,0,0,0,2.38E+11,2.38E+11,968920661.8,5000000,0,0
280,São Domingos,503908760.2,0,0,1.25E+11,94439190881,108338.4,108338.4,0,0,0,0,0,2171776.116,30223.88428,267128.4622,159600,0,0,0,0,0,2.38E+11,2.38E+11,581352397.1,3000000,0,0
281,São Fernando,923832727,0,0,1.25E+11,94439190881,198620.4,198620.4,0,0,0,0,0,3981589.545,55410.45451,489735.5141,292600,0,0,0,0,0,2.38E+11,2.38E+11,1065812728,5500000,0,0
282,São Francisco (Barrinha),325398872,0,0,1.25E+11,94439190881,180564,0,0,0,180564,0,0,0,1468000,0,106400,0,0,0,0,0,2.38E+11,2.38E+11,121646056.3,2000000,0,0
283,São João,167969586.7,0,0,1.25E+11,94439190881,36112.8,36112.8,0,0,0,0,0,723925.3719,10074.62809,89042.82074,53200,0,0,0,0,0,2.38E+11,2.38E+11,193784132.4,1000000,0,0
284,São João de Araras,671878346.9,0,0,1.25E+11,94439190881,144451.2,0,0,0,144451.2,0,0,2895701.488,40298.51237,356171.283,212800,0,0,0,0,0,2.38E+11,2.38E+11,775136529.4,4000000,0,0
285,São Joaquim,162699436,0,0,1.25E+11,94439190881,90282,90282,0,0,0,0,0,0,734000,0,53200,0,0,0,0,0,2.38E+11,2.38E+11,60823028.16,1000000,0,0
286,São José,167969586.7,0,0,1.25E+11,94439190881,36112.8,36112.8,0,0,0,0,0,723925.3719,10074.62809,89042.82074,53200,0,0,0,0,0,2.38E+11,2.38E+11,193784132.4,1000000,0,0
287,São José Cia Energ.,671878346.9,0,0,1.25E+11,94439190881,144451.2,144451.2,0,0,0,0,0,2895701.488,40298.51237,356171.283,212800,0,0,0,0,0,2.38E+11,2.38E+11,775136529.4,4000000,0,0
288,São José da Estiva,503908760.2,0,0,1.25E+11,94439190881,108338.4,108338.4,0,0,0,0,0,2171776.116,30223.88428,267128.4622,159600,0,0,0,0,0,2.38E+11,2.38E+11,581352397.1,3000000,0,0
289,São José ZL,671878346.9,0,0,1.25E+11,94439190881,144451.2,144451.2,0,0,0,0,0,2895701.488,40298.51237,356171.283,212800,0,0,0,0,0,2.38E+11,2.38E+11,775136529.4,4000000,0,0
290,São Judas Tadeu,325398872,0,0,1.25E+11,94439190881,180564,180564,0,0,0,0,0,0,1468000,0,106400,0,0,0,0,0,2.38E+11,2.38E+11,121646056.3,2000000,0,0
291,São Luiz - Ourinhos,503908760.2,0,0,1.25E+11,94439190881,108338.4,108338.4,0,0,0,0,0,2171776.116,30223.88428,267128.4622,159600,0,0,0,0,0,2.38E+11,2.38E+11,581352397.1,3000000,0,0
292,São Manoel,671878346.9,0,0,1.25E+11,94439190881,144451.2,144451.2,0,0,0,0,0,2895701.488,40298.51237,356171.283,212800,0,0,0,0,0,2.38E+11,2.38E+11,775136529.4,4000000,0,0
293,São Martinho,923832727,0,0,1.25E+11,94439190881,198620.4,0,0,0,198620.4,0,0,3981589.545,55410.45451,489735.5141,292600,0,0,0,0,0,2.38E+11,2.38E+11,1065812728,5500000,0,0
294,São Simão,335939173.4,0,0,1.25E+11,94439190881,72225.6,72225.6,0,0,0,0,0,1447850.744,20149.25618,178085.6415,106400,0,0,0,0,0,2.38E+11,2.38E+11,387568264.7,2000000,0,0
295,Seresta,335939173.4,0,0,1.25E+11,94439190881,72225.6,23637.24756,0,0,48588.35244,0,0,1447850.744,20149.25618,178085.6415,106400,0,0,0,0,0,2.38E+11,2.38E+11,387568264.7,2000000,0,0
296,Serra Grande,167969586.7,0,0,1.25E+11,94439190881,36112.8,36112.8,0,0,0,0,0,723925.3719,10074.62809,89042.82074,53200,0,0,0,0,0,2.38E+11,2.38E+11,193784132.4,1000000,0,0
297,Sinimbu,335939173.4,0,0,1.25E+11,94439190881,72225.6,72225.6,0,0,0,0,0,1447850.744,20149.25618,178085.6415,106400,0,0,0,0,0,2.38E+11,2.38E+11,387568264.7,2000000,0,0
298,SJC Bioenergia,488098308,0,0,1.25E+11,94439190881,270846,270846,0,0,0,0,0,0,2202000,0,159600,0,0,0,0,0,2.38E+11,2.38E+11,182469084.5,3000000,0,0
299,Sonora Estância,335939173.4,0,0,1.25E+11,94439190881,72225.6,72225.6,0,0,0,0,0,1447850.744,20149.25618,178085.6415,106400,0,0,0,0,0,2.38E+11,2.38E+11,387568264.7,2000000,0,0
300,Sumaúma,167969586.7,0,0,1.25E+11,94439190881,36112.8,36112.8,0,0,0,0,0,723925.3719,10074.62809,89042.82074,53200,0,0,0,0,0,2.38E+11,2.38E+11,193784132.4,1000000,0,0
301,Tabu,162699436,0,0,1.25E+11,94439190881,90282,90282,0,0,0,0,0,0,734000,0,53200,0,0,0,0,0,2.38E+11,2.38E+11,60823028.16,1000000,0,0
302,Taquari,418337462.9,48156818.32,38768084.73,1.25E+11,94439190881,90282,0,90282,626393.1524,0,0,0,0,734000,0,53200,293836.8125,293836.8125,0,50167.26067,80267.61707,2.38E+11,2.38E+11,60823028.16,1000000,766695226.9,2.609255186
303,TG,162699436,0,0,1.25E+11,94439190881,90282,90282,0,0,0,0,0,0,734000,0,53200,0,0,0,0,0,2.38E+11,2.38E+11,60823028.16,1000000,0,0
304,TGM Destilaria,162699436,0,0,1.25E+11,94439190881,90282,90282,0,0,0,0,0,0,734000,0,53200,0,0,0,0,0,2.38E+11,2.38E+11,60823028.16,1000000,0,0
305,Trapiche,335939173.4,0,0,1.25E+11,94439190881,72225.6,72225.6,0,0,0,0,0,1447850.744,20149.25618,178085.6415,106400,0,0,0,0,0,2.38E+11,2.38E+11,387568264.7,2000000,0,0
306,Tropical,839847933.6,0,0,1.25E+11,94439190881,180564,180564,0,0,0,0,0,3619626.86,50373.14046,445214.1037,266000,0,0,0,0,0,2.38E+11,2.38E+11,968920661.8,5000000,0,0
307,Uberaba,325398872,0,0,1.25E+11,94439190881,180564,180564,0,0,0,0,0,0,1468000,0,106400,0,0,0,0,0,2.38E+11,2.38E+11,121646056.3,2000000,0,0
308,UMOE Bioenergy,488098308,0,0,1.25E+11,94439190881,270846,270846,0,0,0,0,0,0,2202000,0,159600,0,0,0,0,0,2.38E+11,2.38E+11,182469084.5,3000000,0,0
309,Una Açúcar,167969586.7,0,0,1.25E+11,94439190881,36112.8,36112.8,0,0,0,0,0,723925.3719,10074.62809,89042.82074,53200,0,0,0,0,0,2.38E+11,2.38E+11,193784132.4,1000000,0,0
310,Unialco,503908760.2,0,0,1.25E+11,94439190881,108338.4,108338.4,0,0,0,0,0,2171776.116,30223.88428,267128.4622,159600,0,0,0,0,0,2.38E+11,2.38E+11,581352397.1,3000000,0,0
311,União e Indústria,167969586.7,0,0,1.25E+11,94439190881,36112.8,36112.8,0,0,0,0,0,723925.3719,10074.62809,89042.82074,53200,0,0,0,0,0,2.38E+11,2.38E+11,193784132.4,1000000,0,0
312,Unidade Tietê,335939173.4,0,0,1.25E+11,94439190881,72225.6,72225.6,0,0,0,0,0,1447850.744,20149.25618,178085.6415,106400,0,0,0,0,0,2.38E+11,2.38E+11,387568264.7,2000000,0,0
313,Uruaçu,162699436,0,0,1.25E+11,94439190881,90282,90282,0,0,0,0,0,0,734000,0,53200,0,0,0,0,0,2.38E+11,2.38E+11,60823028.16,1000000,0,0
314,Usina Madhu(Equipav),894846898,0,0,1.25E+11,94439190881,496551,496551,0,0,0,0,0,0,4037000,0,292600,0,0,0,0,0,2.38E+11,2.38E+11,334526654.9,5500000,0,0
315,Usina Santa Isabel S/A - Fartura,503908760.2,0,0,1.25E+11,94439190881,108338.4,108338.4,0,0,0,0,0,2171776.116,30223.88428,267128.4622,159600,0,0,0,0,0,2.38E+11,2.38E+11,581352397.1,3000000,0,0
316,Usina Zanin,503908760.2,0,0,1.25E+11,94439190881,108338.4,108338.4,0,0,0,0,0,2171776.116,30223.88428,267128.4622,159600,0,0,0,0,0,2.38E+11,2.38E+11,581352397.1,3000000,0,0
317,UTE - Iolando Leite,162699436,0,0,1.25E+11,94439190881,90282,0,0,0,90282,0,0,0,734000,0,53200,0,0,0,0,0,2.38E+11,2.38E+11,60823028.16,1000000,0,0
318,Vale do Paracatu,162699436,0,0,1.25E+11,94439190881,90282,90282,0,0,0,0,0,0,734000,0,53200,0,0,0,0,0,2.38E+11,2.38E+11,60823028.16,1000000,0,0
319,Vale do Paraná S/A Álcool e Açúcar,335939173.4,0,0,1.25E+11,94439190881,72225.6,72225.6,0,0,0,0,0,1447850.744,20149.25618,178085.6415,106400,0,0,0,0,0,2.38E+11,2.38E+11,387568264.7,2000000,0,0
320,Vale do Tijuco,503908760.2,0,0,1.25E+11,94439190881,108338.4,108338.4,0,0,0,0,0,2171776.116,30223.88428,267128.4622,159600,0,0,0,0,0,2.38E+11,2.38E+11,581352397.1,3000000,0,0
321,Vale do Verdão,671878346.9,0,0,1.25E+11,94439190881,144451.2,144451.2,0,0,0,0,0,2895701.488,40298.51237,356171.283,212800,0,0,0,0,0,2.38E+11,2.38E+11,775136529.4,4000000,0,0
322,Vale Verde,325398872,0,0,1.25E+11,94439190881,180564,180564,0,0,0,0,0,0,1468000,0,106400,0,0,0,0,0,2.38E+11,2.38E+11,121646056.3,2000000,0,0
323,Vale Verde - Filial II,167969586.7,0,0,1.25E+11,94439190881,36112.8,36112.8,0,0,0,0,0,723925.3719,10074.62809,89042.82074,53200,0,0,0,0,0,2.38E+11,2.38E+11,193784132.4,1000000,0,0
324,Veredas,162699436,0,0,1.25E+11,94439190881,90282,90282,0,0,0,0,0,0,734000,0,53200,0,0,0,0,0,2.38E+11,2.38E+11,60823028.16,1000000,0,0
325,Vertente,503908760.2,0,0,1.25E+11,94439190881,108338.4,108338.4,0,0,0,0,0,2171776.116,30223.88428,267128.4622,159600,0,0,0,0,0,2.38E+11,2.38E+11,581352397.1,3000000,0,0
326,Vicentina,162699436,0,0,1.25E+11,94439190881,90282,90282,0,0,0,0,0,0,734000,0,53200,0,0,0,0,0,2.38E+11,2.38E+11,60823028.16,1000000,0,0
327,Viralcool,503908760.2,0,0,1.25E+11,94439190881,108338.4,0,0,0,108338.4,0,0,2171776.116,30223.88428,267128.4622,159600,0,0,0,0,0,2.38E+11,2.38E+11,581352397.1,3000000,0,0
328,Viralcool / Castilho,503908760.2,0,0,1.25E+11,94439190881,108338.4,108338.4,0,0,0,0,0,2171776.116,30223.88428,267128.4622,159600,0,0,0,0,0,2.38E+11,2.38E+11,581352397.1,3000000,0,0
329,Virgolino de Oliveira,671878346.9,0,0,1.25E+11,94439190881,144451.2,144451.2,0,0,0,0,0,2895701.488,40298.51237,356171.283,212800,0,0,0,0,0,2.38E+11,2.38E+11,775136529.4,4000000,0,0
330,Virgolino de Oliveira - Catanduva,839847933.6,0,0,1.25E+11,94439190881,180564,180564,0,0,0,0,0,3619626.86,50373.14046,445214.1037,266000,0,0,0,0,0,2.38E+11,2.38E+11,968920661.8,5000000,0,0
331,Virgolino de Oliveira - Unid. Monções,503908760.2,0,0,1.25E+11,94439190881,108338.4,108338.4,0,0,0,0,0,2171776.116,30223.88428,267128.4622,159600,0,0,0,0,0,2.38E+11,2.38E+11,581352397.1,3000000,0,0
332,Virgolino Nossa Sra Aparecida,325398872,0,0,1.25E+11,94439190881,180564,180564,0,0,0,0,0,0,1468000,0,106400,0,0,0,0,0,2.38E+11,2.38E+11,121646056.3,2000000,0,0
333,Vista Alegre,335939173.4,0,0,1.25E+11,94439190881,72225.6,72225.6,0,0,0,0,0,1447850.744,20149.25618,178085.6415,106400,0,0,0,0,0,2.38E+11,2.38E+11,387568264.7,2000000,0,0
334,WD,335939173.4,0,0,1.25E+11,94439190881,72225.6,72225.6,0,0,0,0,0,1447850.744,20149.25618,178085.6415,106400,0,0,0,0,0,2.38E+11,2.38E+11,387568264.7,2000000,0,0
